id;c_name;ticker;sector;industry;no_yrs;ranking;price;yield;dividend;payouts;annualized
1;Agilent Technologies Inc.;A;Health Care;Life Sciences Tools & Services;9;527;77.07;0.93;0.1800;4;0.72
2;Aaron's Inc.;AAN;Consumer Discretionary;Specialty Retail;17;219;39.33;0.41;0.0400;4;0.16
3;Apple Inc.;AAPL;Information Technology;Technology Hardware. Storage & Peripherals;8;564;273.36;1.13;0.7700;4;3.08
4;American Assets Trust Inc.;AAT;Real Estate;Equity Real Estate Investment Trusts (REITs);9;522;41.45;2.90;0.3000;4;1.20
5;AbbVie Inc.;ABBV;Health Care;Biotechnology;8;619;85.71;5.51;1.1800;4;4.72
6;AmerisourceBergen Corp.;ABC;Health Care;Health Care Providers & Services;16;248;84.32;1.99;0.4200;4;1.68
7;ABM Industries Inc.;ABM;Industrials;Commercial Services & Supplies;53;18;32.92;2.25;0.1850;4;0.74
8;Arbor Realty Trust Inc.;ABR;Financials;Mortgage Real Estate Investment Trusts (REITs);8;599;12.14;9.88;0.3000;4;1.20
9;Abbott Laboratories;ABT;Health Care;Health Care Equipment & Supplies;7;707;77.03;1.87;0.3600;4;1.44
10;American Campus Communities;ACC;Real Estate;Equity Real Estate Investment Trusts (REITs);7;666;43.44;4.33;0.4700;4;1.88
11;Accenture plc;ACN;Information Technology;IT Services;15;266;180.59;1.77;0.8000;4;3.20
12;Acme United Corp.;ACU;Industrials;Commercial Services & Supplies;16;230;23.22;2.07;0.1200;4;0.48
13;Agree Realty Corp.;ADC;Real Estate;Equity Real Estate Investment Trusts (REITs);8;609;71.82;3.26;0.5850;4;2.34
14;Analog Devices Inc.;ADI;Information Technology;Semiconductors & Semiconductor Equipment;18;195;109.05;2.27;0.6200;4;2.48
15;Archer Daniels Midland;ADM;Consumer Staples;Food Products;45;54;37.65;3.82;0.3600;4;1.44
16;Automatic Data Proc.;ADP;Information Technology;IT Services;44;59;154.74;2.35;0.9100;4;3.64
17;Ameren Corp;AEE;Utilities;Multi-Utilities;6;789;79.00;2.51;0.4950;4;1.98
18;American Equity Investment Life Holding Co.;AEL;Financials;Insurance;17;215;25.28;1.19;0.3000;1;0.30
19;American Electric Power Co.;AEP;Utilities;Electric Utilities;10;380;89.26;3.14;0.7000;4;2.80
20;AES Corp.;AES;Utilities;Independent Power and Renewable Electricity Producers;9;529;16.73;3.43;0.1433;4;0.57
21;American Financial Group Inc.;AFG;Financials;Insurance;14;281;92.42;1.95;0.4500;4;1.80
22;AFLAC Inc.;AFL;Financials;Insurance;38;70;42.85;2.61;0.2800;4;1.12
23;AGCO Corp.;AGCO;Industrials;Machinery;7;670;60.43;1.06;0.1600;4;0.64
24;Federal Agricultural Mortgage Corp.;AGM;Financials;Thrifts & Mortgage Finance;9;544;75.06;4.26;0.8000;4;3.20
25;Assured Guaranty Ltd.;AGO;Financials;Insurance;9;540;40.81;1.96;0.2000;4;0.80
26;Armada Hoffler Properties Inc.;AHH;Real Estate;Equity Real Estate Investment Trusts (REITs);8;647;16.76;5.25;0.2200;4;0.88
27;Applied Industrial Technologies Inc.;AIT;Industrials;Trading Companies & Distributors;11;324;58.99;2.17;0.3200;4;1.28
28;Apartment Investment & Management Co.;AIV;Real Estate;Equity Real Estate Investment Trusts (REITs);10;403;47.84;3.43;0.4100;4;1.64
29;Assurant Inc.;AIZ;Financials;Insurance;16;244;120.59;2.09;0.6300;4;2.52
30;Arthur J. Gallagher & Co.;AJG;Financials;Insurance;10;416;97.49;1.85;0.4500;4;1.80
31;Great Ajax Corp.;AJX;Financials;Mortgage Real Estate Investment Trusts (REITs);5;823;14.13;9.06;0.3200;4;1.28
32;Acadia Realty Trust;AKR;Real Estate;Equity Real Estate Investment Trusts (REITs);7;700;22.84;5.08;0.2900;4;1.16
33;Air Lease Corp.;AL;Industrials;Trading Companies & Distributors;8;611;38.36;1.56;0.1500;4;0.60
34;Albemarle Corp.;ALB;Materials;Chemicals;25;133;81.85;1.80;0.3675;4;1.47
35;Allete Inc.;ALE;Utilities;Electric Utilities;10;404;68.99;3.58;0.6175;4;2.47
36;Alamo Group Inc;ALG;Industrials;Machinery;6;794;110.77;0.47;0.1300;4;0.52
37;Alaska Air Group Inc.;ALK;Industrials;Airlines;8;632;50.46;2.97;0.3750;4;1.50
38;Allstate Corp.;ALL;Financials;Insurance;10;425;105.25;2.05;0.5400;4;2.16
39;Allegion plc;ALLE;Industrials;Building Products;7;727;114.99;1.11;0.3200;4;1.28
40;Ally Financial Inc.;ALLY;Financials;Consumer Finance;5;859;25.07;3.03;0.1900;4;0.76
41;Autoliv Inc.;ALV;Consumer Discretionary;Auto Components;10;342;66.73;3.72;0.6200;4;2.48
42;Amgen Inc.;AMGN;Health Care;Biotechnology;10;408;199.73;3.20;1.6000;4;6.40
43;American National Bankshares Inc.;AMNB;Financials;Banks;5;837;30.89;3.50;0.2700;4;1.08
44;Armanino Foods of Distinction Inc.;AMNF;Consumer Staples;Food Products;14;274;3.30;3.03;0.0250;4;0.10
45;Ameriprise Financial Inc.;AMP;Financials;Capital Markets;15;256;141.30;2.75;0.9700;4;3.88
46;Amerisafe Inc.;AMSF;Financials;Insurance;8;641;65.17;1.66;0.2700;4;1.08
47;American Tower Corp.;AMT;Real Estate;Equity Real Estate Investment Trusts (REITs);10;392;226.80;1.78;1.0100;4;4.04
48;TD Ameritrade Holding Corp.;AMTD;Financials;Capital Markets;10;374;42.23;2.94;0.3100;4;1.24
49;Andersons Inc. (The);ANDE;Consumer Staples;Food & Staples Retailing;18;193;18.37;3.81;0.1750;4;0.70
50;Anthem Inc.;ANTM;Health Care;Health Care Providers & Services;10;420;257.09;1.48;0.9500;4;3.80
51;Aon plc;AON;Financials;Insurance;8;563;208.00;0.85;0.4400;4;1.76
52;A.O. Smith Corp.;AOS;Industrials;Building Products;26;126;39.55;2.43;0.2400;4;0.96
53;Air Products & Chem.;APD;Materials;Chemicals;38;71;219.61;2.44;1.3400;4;5.36
54;Amphenol Corp.;APH;Information Technology;Electronic Equipment. Instruments & Components;8;587;91.68;1.09;0.2500;4;1.00
55;Apollo Bancorp Inc.;APLO;Financials;Banks;9;521;42.00;4.95;0.5200;4;2.08
56;Apogee Enterprises Inc.;APOG;Industrials;Building Products;9;533;30.19;2.48;0.1875;4;0.75
57;Preferred Apartment Communities Inc.;APTS;Real Estate;Equity Real Estate Investment Trusts (REITs);9;487;9.54;11.01;0.2625;4;1.05
58;Alexandria Real Estate Equities Inc.;ARE;Real Estate;Equity Real Estate Investment Trusts (REITs);10;393;151.88;2.71;1.0300;4;4.12
59;Argo Group International Holdings Ltd.;ARGO;Financials;Insurance;7;655;56.26;2.20;0.3100;4;1.24
60;Aramark Services Inc.;ARMK;Consumer Discretionary;Hotels. Restaurants & Leisure;6;740;34.74;1.27;0.1100;4;0.44
61;Arrow Financial Corp.;AROW;Financials;Banks;26;117;31.67;3.28;0.2600;4;1.04
62;Artesian Resources;ARTNA;Utilities;Water Utilities;27;109;34.33;2.91;0.2496;4;1.00
63;Associated Banc-Corp;ASB;Financials;Banks;8;606;16.93;4.25;0.1800;4;0.72
64;Ashland Global Holdings Inc.;ASH;Materials;Chemicals;10;369;71.54;1.54;0.2750;4;1.10
65;Ames National Corp.;ATLO;Financials;Banks;10;434;25.87;3.87;0.2500;4;1.00
66;Atmos Energy;ATO;Utilities;Gas Utilities;36;75;103.25;2.23;0.5750;4;2.30
67;AptarGroup Inc.;ATR;Materials;Containers & Packaging;26;119;101.07;1.42;0.3600;4;1.44
68;Atrion Corp.;ATRI;Health Care;Health Care Equipment & Supplies;17;211;616.31;1.01;1.5500;4;6.20
69;Activision Blizzard Inc.;ATVI;Communication Services;Entertainment;11;341;58.13;0.71;0.4100;1;0.41
70;Atlantic Union Bankshares Corp.;AUB;Financials;Banks;9;494;29.74;3.36;0.2500;4;1.00
71;Auburn National Bancorp;AUBN;Financials;Banks;19;179;56.99;1.79;0.2550;4;1.02
72;Avista Corp.;AVA;Utilities;Multi-Utilities;18;197;47.15;3.44;0.4050;4;1.62
73;Avalonbay Communities Inc.;AVB;Real Estate;Equity Real Estate Investment Trusts (REITs);9;550;200.59;3.17;1.5900;4;6.36
74;Broadcom Limited;AVGO;Information Technology;Semiconductors & Semiconductor Equipment;10;385;272.62;4.77;3.2500;4;13.00
75;Avnet Inc.;AVT;Information Technology;Electronic Equipment. Instruments & Components;7;680;30.68;2.74;0.2100;4;0.84
76;Avery Dennison Corp.;AVY;Materials;Containers & Packaging;9;481;114.49;2.03;0.5800;4;2.32
77;American Water Works;AWK;Utilities;Water Utilities;12;298;123.66;1.62;0.5000;4;2.00
78;American States Water;AWR;Utilities;Water Utilities;65;1;76.59;1.59;0.3050;4;1.22
79;American Express Company;AXP;Financials;Consumer Finance;8;597;109.93;1.56;0.4300;4;1.72
80;Axis Capital Holdings Ltd.;AXS;Financials;Insurance;18;192;56.12;2.92;0.4100;4;1.64
81;Aircastle Limited;AYR;Industrials;Trading Companies & Distributors;9;516;31.85;4.02;0.3200;4;1.28
82;Barnes Group Inc.;B;Industrials;Machinery;9;436;53.70;1.19;0.1600;4;0.64
83;Boeing Company;BA;Industrials;Aerospace & Defense;8;560;275.11;2.99;2.0550;4;8.22
84;Bank of America Corp;BAC;Financials;Banks;6;775;28.5;2.53;0.1800;4;0.72
85;Booz Allen Hamilton Holding Corp.;BAH;Information Technology;IT Services;9;536;71.30;1.74;0.3100;4;1.24
86;Brookfield Asset Management Inc.;BAM;Financials;Capital Markets;9;545;59.96;1.20;0.1800;4;0.72
87;BancFirst Corp. OK;BANF;Financials;Banks;26;125;51.30;2.50;0.3200;4;1.28
88;Banner Corp.;BANR;Financials;Banks;7;662;45.64;3.59;0.4100;4;1.64
89;Best Buy Corp.;BBY;Consumer Discretionary;Specialty Retail;17;227;75.65;2.91;0.5500;4;2.20
90;Brunswick Corp.;BC;Consumer Discretionary;Leisure Products;7;693;53.20;1.80;0.2400;4;0.96
91;Balchem Inc.;BCPC;Materials;Chemicals;11;318;94.46;0.55;0.5200;1;0.52
92;Flanigan's Enterprises Inc.;BDL;Consumer Discretionary;Hotels. Restaurants & Leisure;5;827;20.49;1.37;0.2800;1;0.28
93;Becton Dickinson & Co.;BDX;Health Care;Health Care Equipment & Supplies;48;39;237.82;1.33;0.7900;4;3.16
94;Franklin Resources;BEN;Financials;Capital Markets;40;65;21.76;4.96;0.2700;4;1.08
95;Brookfield Renewable Partners LP;BEP;Utilities;Independent Power and Renewable Electricity Producers;11;336;49.86;4.35;0.5425;4;2.17
96;Brown-Forman Class B;BF-B;Consumer Staples;Beverages;36;76;61.41;1.14;0.1743;4;0.70
97;BankFinancial Corp.;BFIN;Financials;Thrifts & Mortgage Finance;6;736;11.34;3.53;0.1000;4;0.40
98;Saul Centers Inc.;BFS;Real Estate;Equity Real Estate Investment Trusts (REITs);6;743;43.01;4.93;0.5300;4;2.12
99;Bunge Limited;BG;Consumer Staples;Food Products;19;174;46.95;4.26;0.5000;4;2.00
100;B&G Foods Inc.;BGS;Consumer Staples;Food Products;9;439;14.80;12.84;0.4750;4;1.90
101;Bar Harbor Bankshares;BHB;Financials;Banks;16;234;20.42;4.31;0.2200;4;0.88
102;Berkshire Hills Bancorp Inc.;BHLB;Financials;Banks;6;801;24.41;3.93;0.2400;4;0.96
103;Brookfield Infrastructure Partners LP;BIP;Utilities;Multi-Utilities;13;294;50.54;4.25;0.5375;4;2.15
104;Bank of New York Mellon Corp.;BK;Financials;Capital Markets;9;492;39.90;3.11;0.3100;4;1.24
105;Black Hills Corp.;BKH;Utilities;Multi-Utilities;49;31;72.20;2.96;0.5350;4;2.14
106;Bank of South Carolina Corp.;BKSC;Financials;Banks;9;466;17.25;3.71;0.1600;4;0.64
107;Bank of Utica;BKUTK;Financials;Banks;20;171;420.00;3.69;7.7500;2;15.50
108;BlackRock Inc.;BLK;Financials;Capital Markets;11;333;463.01;3.14;3.6300;4;14.52
109;Bloomin' Brands Inc.;BLMN;Consumer Discretionary;Hotels. Restaurants & Leisure;6;808;17.99;4.45;0.2000;4;0.80
110;Badger Meter Inc.;BMI;Information Technology;Electronic Equipment. Instruments & Components;27;107;60.21;1.13;0.1700;4;0.68
111;Bank of Marin Bancorp;BMRC;Financials;Banks;16;247;38.13;2.41;0.2300;4;0.92
112;Bryn Mawr Bank Corp.;BMTC;Financials;Banks;9;495;33.24;3.13;0.2600;4;1.04
113;Bristol-Myers Squibb Co.;BMY;Health Care;Pharmaceuticals;11;321;59.06;3.05;0.4500;4;1.80
114;BOK Financial Corp.;BOKF;Financials;Banks;15;267;72.40;2.82;0.5100;4;2.04
115;Bank of Botetourt;BORT;Financials;Banks;8;623;30.00;2.33;0.1750;4;0.70
116;Popular. Inc.;BPOP;Financials;Banks;5;829;47.98;2.50;0.3000;4;1.20
117;Brookfield Property Partners LP;BPY;Real Estate;Real Estate Management & Development;8;645;16.32;8.15;0.3325;4;1.33
118;Broadridge Financial Solutions Inc.;BR;Information Technology;IT Services;13;287;104.36;2.07;0.5400;4;2.16
119;Brady Corp.;BRC;Industrials;Commercial Services & Supplies;34;79;47.34;1.84;0.2175;4;0.87
120;Brown & Brown Inc.;BRO;Financials;Insurance;26;127;43.01;0.79;0.0850;4;0.34
121;Brixmor Property Group;BRX;Real Estate;Equity Real Estate Investment Trusts (REITs);7;701;18.21;6.26;0.2850;4;1.14
122;Bassett Furniture Industries Inc.;BSET;Consumer Discretionary;Household Durables;9;440;9.87;5.07;0.1250;4;0.50
123;Sierra Bancorp;BSRR;Financials;Banks;8;616;23.82;3.36;0.2000;4;0.80
124;First Busey Corp.;BUSE;Financials;Banks;7;704;22.07;3.99;0.2200;4;0.88
125;Bankwell Financial Group Inc.;BWFG;Financials;Banks;6;800;28.47;1.97;0.1400;4;0.56
126;BancorpSouth Inc.;BXS;Financials;Banks;7;682;24.47;3.02;0.1850;4;0.74
127;Citigroup Inc;C;Financials;Banks;5;841;63.46;3.21;0.5100;4;2.04
128;Cable One. Inc.;CABO;Communication Services;Media;5;842;1573.02;0.57;2.2500;4;9.00
129;Cardinal Health Inc.;CAH;Health Care;Health Care Providers & Services;23;149;52.12;3.69;0.4811;4;1.92
130;Cheesecake Factory Inc.;CAKE;Consumer Discretionary;Hotels. Restaurants & Leisure;8;580;35.63;4.04;0.3600;4;1.44
131;Carolina Financial Corp;CARO;Financials;Banks;8;610;32.40;1.23;0.1000;4;0.40
132;Cass Information Systems Inc.;CASS;Information Technology;IT Services;18;190;46.95;2.30;0.2700;4;1.08
133;Casey's General Stores Inc.;CASY;Consumer Staples;Food & Staples Retailing;20;166;163.02;0.79;0.3200;4;1.28
134;Caterpillar Inc.;CAT;Industrials;Machinery;26;124;124.24;3.32;1.0300;4;4.12
135;Cambridge Bancorp;CATC;Financials;Banks;22;159;68.47;3.10;0.5300;4;2.12
136;Cathay General Bancorp;CATY;Financials;Banks;7;654;30.78;4.03;0.3100;4;1.24
137;Chubb Limited;CB;Financials;Insurance;26;121;145.03;2.07;0.7500;4;3.00
138;CBOE Holdings Inc.;CBOE;Financials;Capital Markets;10;367;114.00;1.26;0.3600;4;1.44
139;Cracker Barrel Old Country;CBRL;Consumer Discretionary;Hotels. Restaurants & Leisure;17;208;143.33;3.63;1.3000;4;5.20
140;Commerce Bancshares;CBSH;Financials;Banks;52;26;61.04;1.77;0.2700;4;1.08
141;Cabot Corp.;CBT;Materials;Chemicals;8;569;37.38;3.75;0.3500;4;1.40
142;Community Bank System;CBU;Financials;Banks;28;98;60.81;2.70;0.4100;4;1.64
143;Capital City Bank Group;CCBG;Financials;Banks;6;774;26.65;1.95;0.1300;4;0.52
144;CCFNB Bancorp Inc.;CCFN;Financials;Banks;22;153;49.00;3.18;0.3900;4;1.56
145;Crown Castle International Corp;CCI;Real Estate;Equity Real Estate Investment Trusts (REITs);6;790;143.29;3.35;1.2000;4;4.80
146;Carnival Corporation & Plc;CCL;Consumer Discretionary;Hotels. Restaurants & Leisure;5;821;33.46;5.98;0.5000;4;2.00
147;Cogent Communications Holdings Inc.;CCOI;Communication Services;Diversified Telecommunication Services;9;542;73.01;3.62;0.6600;4;2.64
148;CDW Corp.;CDW;Information Technology;Electronic Equipment. Instruments & Components;7;692;114.22;1.33;0.3800;4;1.52
149;Celanese Corp.;CE;Materials;Chemicals;10;349;93.74;2.65;0.6200;4;2.48
150;C&F Financial Corp.;CFFI;Financials;Banks;8;607;45.50;3.34;0.3800;4;1.52
151;Citizens Financial Group Inc.;CFG;Financials;Banks;7;706;31.69;4.92;0.3900;4;1.56
152;Cullen/Frost Bankers;CFR;Financials;Banks;26;120;78.39;3.62;0.7100;4;2.84
153;Cognex Corporation;CGNX;Information Technology;Electronic Equipment. Instruments & Components;5;848;44.54;0.49;0.0550;4;0.22
154;City Holding Co.;CHCO;Financials;Banks;8;595;69.92;3.26;0.5700;4;2.28
155;Community Healthcare Trust Inc.;CHCT;Real Estate;Equity Real Estate Investment Trusts (REITs);6;802;47.63;3.51;0.4175;4;1.67
156;Church & Dwight;CHD;Consumer Staples;Household Products;24;147;69.52;1.38;0.2400;4;0.96
157;Churchill Downs Inc.;CHDN;Consumer Discretionary;Hotels. Restaurants & Leisure;9;523;125.64;0.46;0.5810;1;0.58
158;Chemed Corp.;CHE;Health Care;Health Care Providers & Services;11;313;417.62;0.31;0.3200;4;1.28
159;C.H. Robinson Worldwide;CHRW;Industrials;Air Freight & Logistics;22;156;68.90;2.96;0.5100;4;2.04
160;Chico's FAS Inc.;CHS;Consumer Discretionary;Specialty Retail;11;337;4.01;8.98;0.0900;4;0.36
161;Cincinnati Financial;CINF;Financials;Insurance;60;9;93.24;2.57;0.6000;4;2.40
162;Civista Bancshares Inc.;CIVB;Financials;Banks;9;511;19.14;2.30;0.1100;4;0.44
163;Colgate-Palmolive Co.;CL;Consumer Staples;Household Products;56;15;67.57;2.55;0.4300;4;1.72
164;Cortland Bancorp;CLDB;Financials;Banks;9;537;21.75;2.57;0.1400;4;0.56
165;Clorox Company;CLX;Consumer Staples;Household Products;42;63;159.42;2.66;1.0600;4;4.24
166;Comerica Inc.;CMA;Financials;Banks;11;339;52.64;5.17;0.6800;4;2.72
167;Comcast Corp.;CMCSA;Communication Services;Media;13;295;40.43;2.28;0.2300;4;0.92
168;Cantel Medical Corp.;CMD;Health Care;Health Care Equipment & Supplies;11;319;63.10;0.33;0.1050;2;0.21
169;CME Group Inc.;CME;Financials;Capital Markets;10;419;198.82;1.71;0.8500;4;3.40
170;Cummins Inc.;CMI;Industrials;Machinery;14;279;151.29;3.47;1.3110;4;5.24
171;CMS Energy Corp.;CMS;Utilities;Multi-Utilities;14;283;60.42;2.70;0.4075;4;1.63
172;Canadian National Railway;CNI;Industrials;Road & Rail;25;140;84.91;2.05;0.4350;4;1.74
173;CNO Financial Group Inc.;CNO;Financials;Insurance;8;572;16.02;2.75;0.1100;4;0.44
174;CenterPoint Energy;CNP;Utilities;Multi-Utilities;15;272;23.02;5.04;0.2900;4;1.16
175;Cohen & Steers Inc.;CNS;Financials;Capital Markets;11;327;62.65;2.49;0.3900;4;1.56
176;CNX Midstream Partners LP;CNXM;Energy;Oil. Gas & Consumable Fuels;6;796;11.71;14.15;0.4143;4;1.66
177;Columbia Banking System Inc.;COLB;Financials;Banks;9;448;33.20;3.37;0.2800;4;1.12
178;Columbia Sportswear Co.;COLM;Consumer Discretionary;Textiles. Apparel & Luxury Goods;15;273;81.30;1.28;0.2600;4;1.04
179;CyrusOne Inc.;CONE;Real Estate;Equity Real Estate Investment Trusts (REITs);7;685;60.58;3.30;0.5000;4;2.00
180;CoreSite Realty Corp.;COR;Real Estate;Equity Real Estate Investment Trusts (REITs);10;358;103.73;4.70;1.2200;4;4.88
181;Core-Mark Holding Company;CORE;Consumer Discretionary;Distributors;9;517;23.01;2.09;0.1200;4;0.48
182;Costco Wholesale;COST;Consumer Staples;Food & Staples Retailing;16;233;281.14;0.92;0.6500;4;2.60
183;Central Pacific Financial Corp.;CPF;Financials;Banks;7;673;23.92;3.85;0.2300;4;0.92
184;Chesapeake Utilities;CPK;Utilities;Gas Utilities;16;236;85.50;1.89;0.4050;4;1.62
185;Chesapeake Financial Shares;CPKF;Financials;Banks;28;99;23.49;2.13;0.1250;4;0.50
186;Camden Property Trust;CPT;Real Estate;Equity Real Estate Investment Trusts (REITs);10;430;105.98;3.13;0.8300;4;3.32
187;Carter's Inc.;CRI;Consumer Discretionary;Textiles. Apparel & Luxury Goods;8;637;91.47;2.62;0.6000;4;2.40
188;Cisco Systems Inc.;CSCO;Information Technology;Communications Equipment;10;431;39.93;3.61;0.3600;4;1.44
189;CenterState Bank Corp.;CSFL;Financials;Banks;6;815;20.23;2.77;0.1400;4;0.56
190;CSG Systems International Inc.;CSGS;Information Technology;IT Services;8;639;44.25;2.12;0.2350;4;0.94
191;Carlisle Companies;CSL;Industrials;Industrial Conglomerates;43;61;145.29;1.38;0.5000;4;2.00
192;Computer Services Inc.;CSVI;Information Technology;IT Services;48;38;52.00;1.62;0.2100;4;0.84
193;CSX Corp.;CSX;Industrials;Road & Rail;16;250;70.45;1.48;0.2600;4;1.04
194;Cintas Corp.;CTAS;Industrials;Commercial Services & Supplies;37;74;266.74;0.96;2.5500;1;2.55
195;Community Trust Banc.;CTBI;Financials;Banks;39;66;38.68;3.93;0.3800;4;1.52
196;Consolidated-Tomoka Land Co.;CTO;Real Estate;Real Estate Management & Development;8;628;57.51;1.74;0.25;4;1.00
197;CareTrust REIT Inc.;CTRE;Real Estate;Equity Real Estate Investment Trusts (REITs);6;751;20.87;4.31;0.225;4;0.90
198;CubeSmart;CUBE;Real Estate;Equity Real Estate Investment Trusts (REITs);10;394;30.27;4.36;0.3300;4;1.32
199;Culp Inc.;CULP;Consumer Discretionary;Textiles. Apparel & Luxury Goods;9;526;9.12;4.61;0.1050;4;0.42
200;CVB Financial Corp.;CVBF;Financials;Banks;7;661;18.54;3.88;0.1800;4;0.72
201;Calavo Growers Inc.;CVGW;Consumer Staples;Food Products;8;602;72.45;1.52;1.1000;1;1.10
202;Codorus Valley Bancorp Inc.;CVLY;Financials;Banks;9;447;20.60;3.11;0.1600;4;0.64
203;Chevron Corp.;CVX;Energy;Oil. Gas & Consumable Fuels;33;87;93.34;5.53;1.2900;4;5.16
204;Community West Bancshares;CWBC;Financials;Banks;6;756;10.85;2.03;0.0550;4;0.22
205;California Water Service;CWT;Utilities;Water Utilities;53;19;47.96;1.77;0.2125;4;0.85
206;Citizens Financial Services;CZFS;Financials;Banks;21;163;63.25;2.85;0.4500;4;1.80
207;Dominion Energy Inc.;D;Utilities;Multi-Utilities;17;225;78.18;4.81;0.9400;4;3.76
208;Delta Air Lines Inc.;DAL;Industrials;Airlines;7;678;46.13;3.49;0.4025;4;1.61
209;Donaldson Company;DCI;Industrials;Machinery;33;82;45.08;1.86;0.2100;4;0.84
210;Dillard's Inc.;DDS;Consumer Discretionary;Multiline Retail;9;512;56.29;1.07;0.1500;4;0.60
211;Douglas Emmett Inc.;DEI;Real Estate;Equity Real Estate Investment Trusts (REITs);10;395;38.18;2.93;0.2800;4;1.12
212;Discover Financial Services;DFS;Financials;Consumer Finance;9;498;65.58;2.68;0.4400;4;1.76
213;Dollar General Corp.;DG;Consumer Discretionary;Multiline Retail;5;831;150.30;0.85;0.3200;4;1.28
214;Donegal Group Inc. A;DGICA;Financials;Insurance;17;204;14.27;4.06;0.1450;4;0.58
215;Donegal Group Inc. B;DGICB;Financials;Insurance;17;205;11.71;4.36;0.1275;4;0.51
216;Quest Diagnostics Inc.;DGX;Health Care;Health Care Providers & Services;9;552;106.06;2.11;0.5600;4;2.24
217;D.R. Horton Inc;DHI;Consumer Discretionary;Household Durables;6;786;53.27;1.31;0.1750;4;0.70
218;Diamond Hill Investment Group Inc.;DHIL;Financials;Capital Markets;6;785;126.73;7.10;9.0000;1;9.00
219;Danaher Corp.;DHR;Health Care;Health Care Equipment & Supplies;7;732;144.58;0.50;0.1800;4;0.72
220;Walt Disney Company;DIS;Communication Services;Entertainment;9;445;117.65;1.50;0.8800;2;1.76
221;Delek Logistics Partners LP;DKL;Energy;Oil. Gas & Consumable Fuels;8;615;21.49;16.47;0.8850;4;3.54
222;Dicks Sporting Goods Inc.;DKS;Consumer Discretionary;Specialty Retail;5;828;36.41;3.02;0.2750;4;1.10
223;Dolby Laboratories Inc;DLB;Information Technology;Electronic Equipment. Instruments & Components;6;784;65.70;1.34;0.2200;4;0.88
224;Digital Realty Trust;DLR;Real Estate;Equity Real Estate Investment Trusts (REITs);15;254;120.11;3.60;1.0800;4;4.32
225;Dunkin' Brands Group Inc.;DNKN;Consumer Discretionary;Hotels. Restaurants & Leisure;9;539;66.52;2.42;0.4025;4;1.61
226;Dover Corp.;DOV;Industrials;Machinery;64;2;102.74;1.91;0.4900;4;1.96
227;Amdocs Limited;DOX;Information Technology;IT Services;9;553;63.75;2.05;0.3275;4;1.31
228;Domino's Pizza Inc.;DPZ;Consumer Discretionary;Hotels. Restaurants & Leisure;8;643;339.46;0.92;0.7800;4;3.12
229;Duke Realty Corporation;DRE;Real Estate;Equity Real Estate Investment Trusts (REITs);5;849;32.47;2.89;0.2350;4;0.94
230;DTE Energy Company;DTE;Utilities;Multi-Utilities;11;317;111.67;3.63;1.0125;4;4.05
231;Duke Energy Corp.;DUK;Utilities;Electric Utilities;15;262;91.70;4.12;0.9450;4;3.78
232;Eagle Bancorp Montana Inc.;EBMT;Financials;Banks;20;167;19.39;1.96;0.0950;4;0.38
233;Meridian Bancorp. Inc.;EBSB;Financials;Thrifts & Mortgage Finance;6;791;16.51;1.94;0.0800;4;0.32
234;Enterprise Bancorp Inc.;EBTC;Financials;Banks;26;129;27.47;2.55;0.1750;4;0.70
235;Ecolab Inc.;ECL;Materials;Chemicals;28;102;180.45;1.04;0.4700;4;1.88
236;Consolidated Edison;ED;Utilities;Multi-Utilities;46;50;78.82;3.88;0.7650;4;3.06
237;El Paso Electric Co.;EE;Utilities;Electric Utilities;9;482;67.87;2.27;0.3850;4;1.54
238;Enterprise Financial Services Corp;EFSC;Financials;Banks;6;812;38.27;1.88;0.1800;4;0.72
239;Eagle Financial Services;EFSI;Financials;Banks;33;84;32.25;3.22;0.2600;4;1.04
240;EastGroup Properties Inc.;EGP;Real Estate;Equity Real Estate Investment Trusts (REITs);8;591;125.73;2.39;0.7500;4;3.00
241;Encompass Health Corp.;EHC;Health Care;Health Care Providers & Services;7;686;74.84;1.50;0.2800;4;1.12
242;Edison International;EIX;Utilities;Electric Utilities;17;220;67.19;3.80;0.6375;4;2.55
243;Estee Lauder Companies Inc.;EL;Consumer Staples;Personal Products;10;382;183.60;1.05;0.4800;4;1.92
244;Equity LifeStyle Properties;ELS;Real Estate;Equity Real Estate Investment Trusts (REITs);16;252;68.33;2.00;0.3425;4;1.37
245;Emclaire Financial Corp.;EMCF;Financials;Banks;10;417;29.62;4.05;0.3000;4;1.20
246;Eastman Chemical Co.;EMN;Materials;Chemicals;10;390;61.51;4.29;0.6600;4;2.64
247;Emerson Electric;EMR;Industrials;Electrical Equipment;63;7;64.11;3.12;0.5000;4;2.00
248;Enbridge Inc.;ENB;Energy;Oil. Gas & Consumable Fuels;24;146;37.43;6.52;0.6100;4;2.44
249;Energizer Holdings. Inc.;ENR;Consumer Staples;Household Products;5;824;42.99;2.79;0.3000;4;1.20
250;Ensign Group Inc.;ENSG;Health Care;Health Care Providers & Services;13;293;44.50;0.45;0.0500;4;0.20
251;Enterprise Products Partners LP;EPD;Energy;Oil. Gas & Consumable Fuels;23;152;23.34;7.63;0.4450;4;1.78
252;EPR Properties;EPR;Real Estate;Equity Real Estate Investment Trusts (REITs);10;412;59.24;7.75;0.3825;12;4.59
253;Equinix Inc.;EQIX;Real Estate;Equity Real Estate Investment Trusts (REITs);6;809;572.80;1.86;2.6600;4;10.64
254;EQT Midstream Partners LP;EQM;Energy;Oil. Gas & Consumable Fuels;8;579;17.36;26.73;1.1600;4;4.64
255;Erie Indemnity Company;ERIE;Financials;Insurance;30;93;142.92;2.70;0.9650;4;3.86
256;Eversource Energy;ES;Utilities;Electric Utilities;22;160;86.46;2.63;0.5675;4;2.27
257;Essex Property Trust;ESS;Real Estate;Equity Real Estate Investment Trusts (REITs);26;131;283.36;2.93;2.0775;4;8.31
258;Eaton Corp. plc;ETN;Industrials;Electrical Equipment;11;335;90.72;3.22;0.7300;4;2.92
259;Entergy Corporation;ETR;Utilities;Electric Utilities;5;851;116.91;3.18;0.9300;4;3.72
260;Eaton Vance Corp.;EV;Financials;Capital Markets;39;67;41.26;3.64;0.3750;4;1.50
261;Enviva Partners  LP;EVA;Energy;Oil. Gas & Consumable Fuels;6;803;37.87;7.13;0.6750;4;2.70
262;Evans Bancorp Inc.;EVBN;Financials;Banks;9;548;39.27;2.95;0.5800;2;1.16
263;Evercore Partners Inc.;EVR;Financials;Capital Markets;13;285;66.62;3.48;0.5800;4;2.32
264;Evergy Inc;EVRG;Utilities;Electric Utilities;15;269;65.35;3.09;0.5050;4;2.02
265;Exelon Corporation;EXC;Utilities;Electric Utilities;5;864;43.11;3.55;0.3825;4;1.53
266;Expeditors International;EXPD;Industrials;Air Freight & Logistics;25;135;70.42;1.42;0.5000;2;1.00
267;Expedia Inc.;EXPE;Consumer Discretionary;Internet & Direct Marketing Retail;8;584;98.62;1.38;0.3400;4;1.36
268;Exponent Inc.;EXPO;Industrials;Professional Services;8;642;73.65;1.03;0.1900;4;0.76
269;Extra Space Storage Inc.;EXR;Real Estate;Equity Real Estate Investment Trusts (REITs);10;356;100.36;3.59;0.9000;4;3.60
270;Exchange Bank (Santa Rosa CA);EXSR;Financials;Banks;8;638;159.00;3.02;1.2000;4;4.80
271;First American Financial Corp.;FAF;Financials;Insurance;11;328;57.10;3.08;0.4400;4;1.76
272;Fastenal Company;FAST;Industrials;Trading Companies & Distributors;21;165;34.22;2.92;0.2500;4;1.00
273;Fortune Brands Home & Security;FBHS;Industrials;Building Products;8;636;61.75;1.55;0.2400;4;0.96
274;First Business Financial Services Inc.;FBIZ;Financials;Banks;8;620;24.00;2.75;0.1650;4;0.66
275;Farmers Bankshares Inc.;FBVA;Financials;Banks;8;592;17.00;2.82;0.1200;4;0.48
276;First Community Bancshares Inc.;FCBC;Financials;Banks;8;566;26.16;3.82;0.2500;4;1.00
277;First Community Corp.;FCCO;Financials;Banks;8;621;19.41;2.47;0.1200;4;0.48
278;1st Constitution Bancorp;FCCY;Financials;Banks;5;861;18.32;1.97;0.0900;4;0.36
279;Fidelity D & D Bancorp. Inc.;FDBC;Financials;Banks;5;852;49.30;2.27;0.2800;4;1.12
280;First Defiance Financial Corp.;FDEF;Financials;Thrifts & Mortgage Finance;9;513;23.92;3.68;0.2200;4;0.88
281;Factset Research System Inc.;FDS;Financials;Capital Markets;21;162;265.99;1.08;0.7200;4;2.88
282;FedEx Corp.;FDX;Industrials;Air Freight & Logistics;18;181;141.17;1.84;0.6500;4;2.60
283;Franklin Electric Co.;FELE;Industrials;Machinery;28;103;51.69;1.20;0.1550;4;0.62
284;FBL Financial Group Inc.;FFG;Financials;Insurance;9;452;47.76;4.02;0.4800;4;1.92
285;Flushing Financial Corp.;FFIC;Financials;Banks;6;746;18.16;4.63;0.2100;4;0.84
286;First Financial Bankshares Inc.;FFIN;Financials;Banks;9;484;28.74;1.67;0.1200;4;0.48
287;First Farmers Financial Corp.;FFMR;Financials;Banks;13;290;47.50;2.69;0.3200;4;1.28
288;First Horizon Narional Corp.;FHN;Financials;Banks;9;546;13.33;4.50;0.1500;4;0.60
289;First Interstate Bancsystem Inc.;FIBK;Financials;Banks;11;323;34.06;3.99;0.3400;4;1.36
290;Financial Institutions Inc.;FISI;Financials;Banks;9;459;26.91;3.72;0.25;4;1.00
291;Fifth Third Bancorp;FITB;Financials;Banks;10;428;24.4;4.43;0.27;4;1.08
292;Comfort Systems USA Inc.;FIX;Industrials;Construction & Engineering;8;644;42.22;0.99;0.1050;4;0.42
293;Foot Locker Inc.;FL;Consumer Discretionary;Specialty Retail;10;433;36.25;4.41;0.4000;4;1.60
294;First of Long Island Corp.;FLIC;Financials;Banks;24;144;20.71;3.48;0.1800;4;0.72
295;Flir Systems Inc.;FLIR;Information Technology;Electronic Equipment. Instruments & Components;9;451;42.47;1.60;0.1700;4;0.68
296;Flowers Foods;FLO;Consumer Staples;Food Products;18;182;21.53;3.53;0.1900;4;0.76
297;Farmers and Merchants Bancorp;FMAO;Financials;Banks;16;246;26.60;2.41;0.1600;4;0.64
298;First Mid-Illinois Bancshares Inc.;FMBH;Financials;Banks;9;518;28.17;2.84;0.4000;2;0.80
299;First Midwest Bancorp;FMBI;Financials;Banks;7;676;18.15;3.09;0.1400;4;0.56
300;F&M Bank Corp.;FMBM;Financials;Banks;8;598;27.24;3.82;0.2600;4;1.04
301;Farmers & Merchants Bancorp;FMCB;Financials;Banks;57;14;774.00;1.85;7.1500;2;14.30
302;Fidelity National Financial Inc.;FNF;Financials;Insurance;8;608;38.76;3.41;0.3300;4;1.32
303;First Bancorp Inc.;FNLC;Financials;Banks;6;764;25.5;4.71;0.3000;4;1.20
304;Franco-Nevada Corp.;FNV;Materials;Metals & Mining;12;299;107.50;0.93;0.2500;4;1.00
305;First Industrial Realty Trust Inc.;FR;Real Estate;Equity Real Estate Investment Trusts (REITs);8;651;38.50;2.60;0.2500;4;1.00
306;Franklin Financial Services Inc.;FRAF;Financials;Banks;5;833;31.02;3.87;0.3000;4;1.20
307;First Republic Bank;FRC;Financials;Banks;8;562;100.57;0.76;0.1900;4;0.76
308;First Merchants Corp.;FRME;Financials;Banks;8;571;34.98;2.97;0.2600;4;1.04
309;Federal Realty Inv. Trust;FRT;Real Estate;Equity Real Estate Investment Trusts (REITs);52;24;116.34;3.61;1.0500;4;4.20
310;FS Bancorp Inc.;FSBW;Financials;Thrifts & Mortgage Finance;8;625;47.79;1.76;0.2100;4;0.84
311;First Savings Financial Group Inc.;FSFG;Financials;Banks;6;747;62.45;1.02;0.1600;4;0.64
312;FirstService Corp.;FSV;Real Estate;Real Estate Management & Development;6;818;98.85;0.67;0.1650;4;0.66
313;H.B. Fuller Company;FUL;Materials;Chemicals;50;27;39.23;1.63;0.1600;4;0.64
314;Fulton Financial Corp.;FULT;Financials;Banks;5;830;14.45;3.60;0.1300;4;0.52
315;Cedar Fair LP;FUN;Consumer Discretionary;Hotels. Restaurants & Leisure;9;519;45.69;8.19;0.9350;4;3.74
316;First National Corp.;FXNC;Financials;Banks;7;721;20.10;2.19;0.1100;4;0.44
317;German American Bancorp;GABC;Financials;Banks;8;626;29.85;2.55;0.1900;4;0.76
318;Gladstone Investment Corp.;GAIN;Financials;Capital Markets;9;543;11.45;7.34;0.0700;12;0.84
319;GATX Corp.;GATX;Industrials;Trading Companies & Distributors;10;422;71.53;2.68;0.4800;4;1.92
320;Glacier Bancorp Inc.;GBCI;Financials;Banks;8;594;37.29;3.11;0.2900;4;1.16
321;Greenbrier Companies Inc.;GBX;Industrials;Machinery;7;711;24.23;4.46;0.2700;4;1.08
322;Greene County Bancorp. Inc.;GCBC;Financials;Thrifts & Mortgage Finance;6;768;27.05;1.63;0.1100;4;0.44
323;General Dynamics;GD;Industrials;Aerospace & Defense;28;96;159.69;2.55;1.0200;4;4.08
324;GEO Group Inc.;GEO;Real Estate;Equity Real Estate Investment Trusts (REITs);8;559;14.64;13.11;0.4800;4;1.92
325;Guaranty Federal Bancshares;GFED;Financials;Thrifts & Mortgage Finance;7;702;23.58;2.54;0.1500;4;0.60
326;Griffon Corp.;GFF;Industrials;Building Products;9;520;17.40;1.72;0.0750;4;0.30
327;Graco Inc.;GGG;Industrials;Machinery;23;151;49.32;1.42;0.1750;4;0.70
328;Gildan Activewear Inc.;GIL;Consumer Discretionary;Textiles. Apparel & Luxury Goods;10;427;24.22;2.54;0.1540;4;0.62
329;Gilead Sciences Inc.;GILD;Health Care;Biotechnology;6;813;69.36;3.92;0.6800;4;2.72
330;Globe Life Inc;GL;Financials;Insurance;14;275;92.66;0.74;0.1725;4;0.69
331;Gaming and Leisure Properties;GLPI;Real Estate;Equity Real Estate Investment Trusts (REITs);6;788;44.67;6.27;0.7000;4;2.80
332;Corning Inc.;GLW;Information Technology;Electronic Equipment. Instruments & Components;10;423;23.86;3.69;0.2200;4;0.88
333;Gentex Corp.;GNTX;Consumer Discretionary;Auto Components;9;465;26.70;1.72;0.1150;4;0.46
334;Genuine Parts Co.;GPC;Consumer Discretionary;Distributors;64;4;87.24;3.62;0.7900;4;3.16
335;Group 1 Automotive Inc.;GPI;Consumer Discretionary;Specialty Retail;11;329;85.23;1.41;0.3000;4;1.20
336;Green Plains Partners LP;GPP;Energy;Oil. Gas & Consumable Fuels;5;819;13.66;13.91;0.4750;4;1.90
337;W. R. Grace & Co.;GRA;Materials;Chemicals;5;866;56.56;2.12;0.3000;4;1.20
338;Gorman-Rupp Company;GRC;Industrials;Machinery;47;44;31.99;1.81;0.1450;4;0.58
339;Goldman Sachs Group Inc.;GS;Financials;Capital Markets;9;501;200.77;2.49;1.2500;4;5.00
340;Great Southern Bancorp Inc.;GSBC;Financials;Banks;6;776;51.31;2.65;0.3400;4;1.36
341;Goodyear Tire & Rubber Company;GT;Consumer Discretionary;Auto Components;7;653;9.69;6.60;0.1600;4;0.64
342;Getty Realty Corp.;GTY;Real Estate;Equity Real Estate Investment Trusts (REITs);8;612;28.34;5.22;0.3700;4;1.48
343;Great Western Bancorp Inc.;GWB;Financials;Banks;5;834;26.87;4.47;0.3000;4;1.20
344;W.W. Grainger Inc.;GWW;Industrials;Trading Companies & Distributors;48;33;277.54;2.08;1.4400;4;5.76
345;Hasbro Inc.;HAS;Consumer Discretionary;Leisure Products;16;232;77.25;3.52;0.6800;4;2.72
346;Huntington Bancshares Inc.;HBAN;Financials;Banks;9;503;12.27;4.89;0.1500;4;0.60
347;Home Bancorp Inc.;HBCP;Financials;Thrifts & Mortgage Finance;6;780;33.07;2.66;0.2200;4;0.88
348;Horizon Bancorp;HBNC;Financials;Banks;9;489;15.02;3.20;0.1200;4;0.48
349;The Hackett Group Inc.;HCKT;Information Technology;IT Services;6;761;15.4;2.34;0.1800;2;0.36
350;Healthcare Services Group Inc.;HCSG;Industrials;Commercial Services & Supplies;18;199;27.54;2.92;0.2013;4;0.81
351;Home Depot Inc.;HD;Consumer Discretionary;Specialty Retail;11;334;217.84;2.75;1.5000;4;6.00
352;HDFC Bank Limited;HDB;Financials;Banks;18;185;54.85;1.18;0.6459;1;0.65
353;HEICO Corp.;HEI;Industrials;Aerospace & Defense;13;292;107.85;0.15;0.0800;2;0.16
354;Holly Energy Partners LP;HEP;Energy;Oil. Gas & Consumable Fuels;15;260;20.74;12.97;0.6725;4;2.69
355;Home Federal Bancorp Inc. of Louisiana;HFBL;Financials;Thrifts & Mortgage Finance;6;765;34.02;1.88;0.1600;4;0.64
356;Heritage Financial Corp.;HFWA;Financials;Banks;10;401;23.19;3.45;0.2000;4;0.80
357;Hillenbrand Inc.;HI;Industrials;Machinery;13;289;23.40;3.63;0.2125;4;0.85
358;Hingham Institution for Savings;HIFS;Financials;Thrifts & Mortgage Finance;13;291;182.96;0.90;0.4100;4;1.64
359;Hartford Financial Services Group Inc.;HIG;Financials;Insurance;10;426;49.95;2.60;0.3250;4;1.30
360;Huntington Ingalls Industries Inc.;HII;Industrials;Aerospace & Defense;8;603;205.53;2.00;1.0300;4;4.12
361;Heartland BanCorp;HLAN;Financials;Banks;8;649;89.60;2.54;0.5700;4;2.28
362;Houlihan Lokey. Inc.;HLI;Financials;Capital Markets;5;836;51.22;2.42;0.3100;4;1.24
363;Hoegh LNG Partners LP;HMLP;Energy;Oil. Gas & Consumable Fuels;6;733;12.50;14.08;0.4400;4;1.76
364;Horace Mann Educators Corp.;HMN;Financials;Insurance;10;344;38.93;2.95;0.2875;4;1.15
365;HNI Corp.;HNI;Industrials;Commercial Services & Supplies;9;475;32.83;3.72;0.3050;4;1.22
366;Hennessy Advisors Inc.;HNNA;Financials;Capital Markets;6;770;10.15;5.42;0.1375;4;0.55
367;Harley-Davidson Inc.;HOG;Consumer Discretionary;Automobiles;10;418;30.47;4.99;0.3800;4;1.52
368;Home Bancshares Inc.;HOMB;Financials;Banks;9;476;16.76;3.10;0.1300;4;0.52
369;Honeywell International Inc.;HON;Industrials;Industrial Conglomerates;9;515;162.17;2.22;0.9000;4;3.60
370;Honat Bancorp Inc.;HONT;Financials;Banks;15;268;115.00;1.60;0.4600;4;1.84
371;Hope Bancorp Inc.;HOPE;Financials;Banks;8;555;12.21;4.59;0.1400;4;0.56
372;Helmerich & Payne Inc.;HP;Energy;Energy Equipment & Services;47;41;36.89;7.70;0.7100;4;2.84
373;Hewlett Packard Enterprise Company;HPE;Information Technology;Technology Hardware. Storage & Peripherals;5;856;12.79;3.75;0.1200;4;0.48
374;HP Inc.;HPQ;Information Technology;Technology Hardware. Storage & Peripherals;10;387;20.79;3.39;0.1762;4;0.70
375;Hill-Rom Holdings Inc.;HRC;Health Care;Health Care Equipment & Supplies;10;424;96.05;0.92;0.2200;4;0.88
376;Hershey Company;HSY;Consumer Staples;Food Products;10;370;143.99;2.15;0.7730;4;3.09
377;Healthcare Trust of America Inc.;HTA;Real Estate;Equity Real Estate Investment Trusts (REITs);8;588;31.14;4.05;0.3150;4;1.26
378;Heritage Commerce Corp.;HTBK;Financials;Banks;8;624;10.26;5.07;0.1300;4;0.52
379;Hilltop Holdings Inc.;HTH;Financials;Banks;5;862;20.83;1.73;0.0900;4;0.36
380;Hubbell Inc.;HUBB;Industrials;Electrical Equipment;12;304;133.24;2.73;0.9100;4;3.64
381;Humana Inc.;HUM;Health Care;Health Care Providers & Services;10;432;319.68;0.78;0.6250;4;2.50
382;Hurco Companies Inc.;HURC;Industrials;Machinery;7;660;28.18;1.70;0.1200;4;0.48
383;Haverty Furniture Companies Inc.;HVT;Consumer Discretionary;Specialty Retail;10;365;16.82;4.76;0.2000;4;0.80
384;Haverty Furniture Companies Inc. A;HVT-A;Consumer Discretionary;Specialty Retail;10;366;16.67;4.56;0.1900;4;0.76
385;Hawthorn Bancshares Inc.;HWBK;Financials;Banks;8;575;21.74;2.21;0.1200;4;0.48
386;Hawkins Inc.;HWKN;Materials;Chemicals;16;249;35.75;2.60;0.2325;4;0.93
387;Hexcel Corporation;HXL;Industrials;Aerospace & Defense;5;839;64.63;1.05;0.1700;4;0.68
388;Hyster-Yale Materials Handling Inc.;HY;Industrials;Machinery;8;570;48.14;2.64;0.3175;4;1.27
389;Independent Bank Corp. MI;IBCP;Financials;Banks;7;708;19.57;4.09;0.2000;4;0.80
390;IBERIABANK Corporation;IBKC;Financials;Banks;5;867;60.19;3.12;0.4700;4;1.88
391;International Business Machines;IBM;Information Technology;IT Services;24;142;130.15;4.98;1.6200;4;6.48
392;International Bancshares Corp.;IBOC;Financials;Banks;10;372;34.10;3.23;0.5500;2;1.10
393;Independent Bank Group Inc.;IBTX;Financials;Banks;6;745;46.29;2.16;0.2500;4;1.00
394;Intercontinental Exchange Inc.;ICE;Financials;Capital Markets;8;646;89.22;1.34;0.3000;4;1.20
395;Idacorp Inc.;IDA;Utilities;Electric Utilities;8;600;96.64;2.77;0.6700;4;2.68
396;IDEX Corp.;IEX;Industrials;Machinery;10;351;148.00;1.35;0.5000;4;2.00
397;International Flavors & Fragrances;IFF;Materials;Chemicals;17;212;119.78;2.50;0.7500;4;3.00
398;Independence Holding Company;IHC;Financials;Insurance;6;760;37.11;1.08;0.2;2;0.40
399;Independent Bancorp MA;INDB;Financials;Banks;9;461;67.53;2.61;0.4400;4;1.76
400;Ingredion Inc.;INGR;Consumer Staples;Food Products;9;509;83.30;3.03;0.6300;4;2.52
401;Intel Corp.;INTC;Information Technology;Semiconductors & Semiconductor Equipment;6;805;55.52;2.38;0.3300;4;1.32
402;Intuit Inc.;INTU;Information Technology;Software;9;507;265.85;0.80;0.5300;4;2.12
403;Innospec Inc.;IOSP;Materials;Chemicals;6;782;86.54;1.20;0.52;2;1.04
404;International Paper Co.;IP;Materials;Containers & Packaging;10;383;36.96;5.55;0.5125;4;2.05
405;Inter Parfums Inc.;IPAR;Consumer Staples;Personal Products;11;316;60.06;2.20;0.3300;4;1.32
406;Interpublic Group of Companies Inc.;IPG;Communication Services;Media;8;635;21.36;4.78;0.2550;4;1.02
407;Ingersoll-Rand plc;IR;Industrials;Machinery;8;556;129.04;1.64;0.5300;4;2.12
408;Iron Mountain Inc.;IRM;Real Estate;Equity Real Estate Investment Trusts (REITs);10;388;30.41;8.14;0.6185;4;2.47
409;Isabella Bank Corp.;ISBA;Financials;Banks;15;271;23.90;4.52;0.2700;4;1.08
410;Investors Bancorp;ISBC;Financials;Banks;9;535;10.54;4.55;0.1200;4;0.48
411;Investar Holding Corp.;ISTR;Financials;Banks;6;778;21.36;1.12;0.0600;4;0.24
412;ITT Corp.;ITT;Industrials;Machinery;8;648;60.15;1.12;0.1690;4;0.68
413;Illinois Tool Works;ITW;Industrials;Machinery;45;52;167.78;2.55;1.0700;4;4.28
414;Invesco Limited;IVZ;Financials;Capital Markets;10;352;14.40;8.61;0.3100;4;1.24
415;JB Hunt Transport Services Inc.;JBHT;Industrials;Road & Rail;17;222;96.44;1.12;0.2700;4;1.08
416;J&J Snack Foods Corp.;JJSF;Consumer Staples;Food Products;16;245;160.82;1.43;0.5750;4;2.30
417;Jack Henry & Associates;JKHY;Information Technology;IT Services;30;94;151.74;1.13;0.4300;4;1.72
418;Jones Lang Lasalle;JLL;Real Estate;Real Estate Management & Development;9;477;147.77;0.58;0.4300;2;0.86
419;Johnson & Johnson;JNJ;Health Care;Pharmaceuticals;57;11;134.48;2.83;0.9500;4;3.80
420;Johnson Outdoors Inc.;JOUT;Consumer Discretionary;Leisure Products;7;687;62.41;1.09;0.1700;4;0.68
421;JPMorgan Chase & Co.;JPM;Financials;Banks;9;510;116.11;3.10;0.9000;4;3.60
422;John Wiley & Sons Inc.;JW-A;Communication Services;Media;26;122;37.19;3.66;0.3400;4;1.36
423;Kellogg Company;K;Consumer Staples;Food Products;16;240;60.47;3.77;0.5700;4;2.28
424;Kadant Inc.;KAI;Industrials;Machinery;7;664;90.82;1.01;0.2300;4;0.92
425;Kaiser Aluminum Corp.;KALU;Materials;Metals & Mining;9;530;94.55;2.83;0.6700;4;2.68
426;Kimball International Inc.;KBAL;Industrials;Commercial Services & Supplies;5;844;16.18;2.22;0.0900;4;0.36
427;KeyCorp;KEY;Financials;Banks;9;499;16.35;4.53;0.1850;4;0.74
428;KLA-Tencor Corp.;KLAC;Information Technology;Semiconductors & Semiconductor Equipment;10;378;153.71;2.21;0.8500;4;3.40
429;Kimberly-Clark Corp.;KMB;Consumer Staples;Household Products;48;40;131.19;3.26;1.0700;4;4.28
430;Kinsale Capital Group. Inc.;KNSL;Financials;Insurance;5;865;121.47;0.30;0.0900;4;0.36
431;Coca-Cola Company;KO;Consumer Staples;Beverages;58;10;53.49;3.07;0.4100;4;1.64
432;Kroger Company;KR;Consumer Staples;Food & Staples Retailing;14;278;28.13;2.28;0.1600;4;0.64
433;Kearny Financial Corp.;KRNY;Financials;Thrifts & Mortgage Finance;6;810;10.91;2.93;0.0800;4;0.32
434;Kohl's Corp.;KSS;Consumer Discretionary;Multiline Retail;9;460;39.15;6.85;0.6700;4;2.68
435;Kennedy-Wilson Holdings Inc.;KW;Real Estate;Real Estate Management & Development;10;389;20.21;4.35;0.2200;4;0.88
436;Quaker Chemical Corp.;KWR;Materials;Chemicals;12;300;157.57;0.98;0.3850;4;1.54
437;Lithia Motors Inc.;LAD;Consumer Discretionary;Specialty Retail;10;350;119.16;1.01;0.3000;4;1.20
438;Ladder Capital Corp;LADR;Financials;Mortgage Real Estate Investment Trusts (REITs);5;825;15.25;8.92;0.3400;4;1.36
439;Lamar Advertising Co.;LAMR;Real Estate;Equity Real Estate Investment Trusts (REITs);6;748;83.74;4.59;0.9600;4;3.84
440;Lancaster Colony Corp.;LANC;Consumer Staples;Food Products;57;13;144.45;1.94;0.7000;4;2.80
441;Gladstone Land Corp.;LAND;Real Estate;Equity Real Estate Investment Trusts (REITs);6;814;13.43;3.99;0.0447;12;0.54
442;Landmark Bancorp Inc.;LARK;Financials;Banks;17;203;22.80;3.51;0.2000;4;0.80
443;Lazard Limited;LAZ;Financials;Capital Markets;12;297;35.82;5.25;0.4700;4;1.88
444;Lakeland Bancorp Inc.;LBAI;Financials;Banks;9;470;14.40;3.47;0.1250;4;0.50
445;Lear Corp.;LEA;Consumer Discretionary;Auto Components;10;413;111.20;2.77;0.7700;4;3.08
446;Lincoln Electric Holdings;LECO;Industrials;Machinery;25;138;81.89;2.39;0.4900;4;1.96
447;Leggett & Platt Inc.;LEG;Consumer Discretionary;Household Durables;48;35;39.66;4.03;0.4000;4;1.60
448;Littelfuse Inc.;LFUS;Information Technology;Electronic Equipment. Instruments & Components;10;363;159.68;1.20;0.4800;4;1.92
449;L3Harris Technologies Inc;LHX;Industrials;Aerospace & Defense;18;187;197.73;1.52;0.7500;4;3.00
450;Lennox International Inc.;LII;Industrials;Building Products;10;359;228.13;1.35;0.7700;4;3.08
451;Linde Plc;LIN;Materials;Chemicals;27;115;191.01;2.02;0.9630;4;3.85
452;Lakeland Financial Corp.;LKFN;Financials;Banks;8;561;40.87;2.94;0.3000;4;1.20
453;Eli Lilly & Company;LLY;Health Care;Pharmaceuticals;6;807;126.13;2.35;0.7400;4;2.96
454;Legg Mason Inc.;LM;Financials;Capital Markets;9;490;49.82;3.21;0.4000;4;1.60
455;LeMaitre Vascular Inc.;LMAT;Health Care;Health Care Equipment & Supplies;10;414;28.50;1.33;0.0950;4;0.38
456;Limoneira Company;LMNR;Consumer Staples;Food Products;11;309;16.70;1.80;0.0750;4;0.30
457;Lockheed Martin;LMT;Industrials;Aerospace & Defense;17;216;369.87;2.60;2.4000;4;9.60
458;Lincoln National Corp.;LNC;Financials;Insurance;10;400;45.39;3.53;0.4000;4;1.60
459;Lindsay Corp.;LNN;Industrials;Machinery;17;202;99.03;1.25;0.3100;4;1.24
460;Alliant Energy Corp.;LNT;Utilities;Electric Utilities;17;221;52.12;2.92;0.3800;4;1.52
461;Logitech International;LOGI;Information Technology;Technology Hardware. Storage & Peripherals;6;773;38.96;1.88;0.7322;1;0.73
462;Logansport Financial Corp.;LOGN;Financials;Banks;7;652;40.00;3.50;0.3500;4;1.40
463;Lowe's Companies;LOW;Consumer Discretionary;Specialty Retail;57;12;106.57;2.06;0.5500;4;2.20
464;Lam Research Corp.;LRCX;Information Technology;Semiconductors & Semiconductor Equipment;6;777;293.43;1.57;1.1500;4;4.60
465;Landstar System Inc.;LSTR;Industrials;Road & Rail;15;261;100.97;0.73;0.1850;4;0.74
466;Southwest Airlines Co.;LUV;Industrials;Airlines;8;573;46.19;1.56;0.1800;4;0.72
467;Las Vegas Sands Corp.;LVS;Consumer Discretionary;Hotels. Restaurants & Leisure;9;541;58.31;5.42;0.7900;4;3.16
468;LyondellBasell Industries NV;LYB;Materials;Chemicals;9;480;71.46;5.88;1.0500;4;4.20
469;Lyons Bancorp Inc.;LYBC;Financials;Banks;20;169;36.53;3.39;0.3100;4;1.24
470;La-Z-Boy Inc.;LZB;Consumer Discretionary;Household Durables;8;604;28.65;1.95;0.1400;4;0.56
471;MasterCard Inc.;MA;Information Technology;IT Services;9;528;290.25;0.55;0.4000;4;1.60
472;Mid-America Apartment Communities Inc.;MAA;Real Estate;Equity Real Estate Investment Trusts (REITs);10;397;129.26;3.09;1.0000;4;4.00
473;Macerich Company;MAC;Real Estate;Equity Real Estate Investment Trusts (REITs);10;343;20.42;14.69;0.7500;4;3.00
474;Main Street Capital Corp.;MAIN;Financials;Capital Markets;9;488;36.93;6.66;0.2050;12;2.46
475;ManpowerGroup Inc.;MAN;Industrials;Professional Services;9;478;75.94;2.87;1.0900;2;2.18
476;Marriott International Inc.;MAR;Consumer Discretionary;Hotels. Restaurants & Leisure;10;357;124.00;1.55;0.4800;4;1.92
477;Masco Corp;MAS;Industrials;Building Products;6;779;41.32;1.31;0.1350;4;0.54
478;Matthews International;MATW;Industrials;Commercial Services & Supplies;25;137;29.56;2.84;0.2100;4;0.84
479;Matson Inc.;MATX;Industrials;Marine;8;583;33.21;2.65;0.22;4;0.88
480;Mercantile Bank Corp.;MBWM;Financials;Banks;9;538;28.69;3.90;0.2800;4;1.12
481;Moelis & Company;MC;Financials;Capital Markets;7;726;31.96;6.38;0.5100;4;2.04
482;Macatawa Bank Corp.;MCBC;Financials;Banks;7;714;9.64;3.32;0.0800;4;0.32
483;McDonald's Corp.;MCD;Consumer Discretionary;Hotels. Restaurants & Leisure;44;58;194.17;2.58;1.2500;4;5.00
484;Microchip Technology Inc.;MCHP;Information Technology;Semiconductors & Semiconductor Equipment;19;178;90.71;1.62;0.3670;4;1.47
485;McKesson Corp.;MCK;Health Care;Health Care Providers & Services;12;301;139.86;1.17;0.4100;4;1.64
486;Moody's Corp.;MCO;Financials;Capital Markets;11;331;240.03;0.93;0.5600;4;2.24
487;Marcus Corp.;MCS;Communication Services;Entertainment;7;723;26.72;2.54;0.1700;4;0.68
488;Mercury General Corp.;MCY;Financials;Insurance;33;86;43.31;5.82;0.6300;4;2.52
489;Mondelez International Inc.;MDLZ;Consumer Staples;Food Products;8;590;52.8;2.16;0.285;4;1.14
490;Meredith Corp.;MDP;Communication Services;Media;27;113;26.35;9.03;0.5950;4;2.38
491;Medtronic plc;MDT;Health Care;Health Care Equipment & Supplies;42;62;100.67;2.15;0.5400;4;2.16
492;MDU Resources;MDU;Utilities;Multi-Utilities;28;100;27.73;2.99;0.2075;4;0.83
493;Medifast. Inc.;MED;Consumer Staples;Personal Products;5;858;83.11;5.44;1.1300;4;4.52
494;Methanex Corp.;MEOH;Materials;Chemicals;9;483;28.85;4.99;0.3600;4;1.44
495;MetLife Inc.;MET;Financials;Insurance;7;669;42.72;4.12;0.4400;4;1.76
496;Manulife Financial Corporation;MFC;Financials;Insurance;7;725;16.84;6.65;0.28;4;1.12
497;Mackinac Financial Corp.;MFNC;Financials;Banks;7;684;13.99;4.00;0.1400;4;0.56
498;MutualFirst Financial Inc.;MFSF;Financials;Banks;6;741;33.50;2.39;0.2000;4;0.80
499;Magna International Inc.;MGA;Consumer Discretionary;Auto Components;11;332;45.82;3.49;0.4000;4;1.60
500;MGE Energy Inc.;MGEE;Utilities;Electric Utilities;44;57;71.34;1.98;0.3525;4;1.41
501;McGrath Rentcorp;MGRC;Industrials;Commercial Services & Supplies;28;104;69.45;2.42;0.4200;4;1.68
502;Mobile Mini Inc.;MINI;Industrials;Commercial Services & Supplies;7;720;38.99;3.11;0.3030;4;1.21
503;McCormick & Co.;MKC;Consumer Staples;Food Products;33;83;146.19;1.70;0.6200;4;2.48
504;MKS Instruments Inc.;MKSI;Information Technology;Semiconductors & Semiconductor Equipment;9;437;100.19;0.80;0.2000;4;0.80
505;MarketAxess Holdings Inc.;MKTX;Financials;Capital Markets;12;305;324.33;0.74;0.6000;4;2.40
506;Malaga Financial Corp.;MLGF;Financials;Banks;9;444;23.16;4.32;0.2500;4;1.00
507;Herman Miller Inc.;MLHR;Industrials;Commercial Services & Supplies;8;593;34.24;2.45;0.2100;4;0.84
508;Marsh & McLennan Companies Inc.;MMC;Financials;Insurance;10;361;104.56;1.74;0.4550;4;1.82
509;3M Company;MMM;Industrials;Industrial Conglomerates;62;8;149.24;3.94;1.4700;4;5.88
510;Magellan Midstream Partners LP;MMP;Energy;Oil. Gas & Consumable Fuels;20;172;54.55;7.53;1.0275;4;4.11
511;Marquette National Corp.;MNAT;Financials;Banks;7;728;32.00;3.25;0.2600;4;1.04
512;Monro Inc.;MNRO;Consumer Discretionary;Specialty Retail;15;257;56.12;1.57;0.2200;4;0.88
513;Altria Group Inc.;MO;Consumer Staples;Tobacco;50;28;40.37;8.32;0.8400;4;3.36
514;MidWest One Financial Group Inc.;MOFG;Financials;Banks;10;411;28.73;3.06;0.2200;4;0.88
515;Morningstar Inc.;MORN;Financials;Capital Markets;10;398;146.90;0.82;0.3000;4;1.20
516;Mid Penn Bancorp;MPB;Financials;Banks;6;754;21.27;3.39;0.1800;4;0.72
517;Marathon Petroleum Corp.;MPC;Energy;Oil. Gas & Consumable Fuels;10;410;47.42;4.89;0.5800;4;2.32
518;MPLX LP;MPLX;Energy;Oil. Gas & Consumable Fuels;8;622;20.29;13.55;0.6875;4;2.75
519;Medical Properties Trust Inc.;MPW;Real Estate;Equity Real Estate Investment Trusts (REITs);7;730;21.13;5.11;0.2700;4;1.08
520;Marine Products Corp.;MPX;Consumer Discretionary;Leisure Products;5;826;12.58;3.82;0.1200;4;0.48
521;Merck & Company;MRK;Health Care;Pharmaceuticals;9;524;76.56;3.19;0.6100;4;2.44
522;Morgan Stanley;MS;Financials;Capital Markets;6;766;45.03;3.11;0.3500;4;1.40
523;MSA Safety Inc.;MSA;Industrials;Commercial Services & Supplies;48;34;121.67;1.38;0.4200;4;1.68
524;Midland States Bancorp. Inc.;MSBI;Financials;Banks;5;860;23.82;4.49;0.2675;4;1.07
525;MSCI Inc.;MSCI;Financials;Capital Markets;6;769;295.44;0.92;0.6800;4;2.72
526;Middlesex Water Co.;MSEX;Utilities;Water Utilities;47;43;59.47;1.72;0.2563;4;1.03
527;Microsoft Corp.;MSFT;Information Technology;Software;18;188;162.01;1.26;0.5100;4;2.04
528;Motorola Solutions Inc.;MSI;Information Technology;Communications Equipment;10;396;165.68;1.55;0.6400;4;2.56
529;MSC Industrial Direct Co. Inc.;MSM;Industrials;Trading Companies & Distributors;17;209;61.82;4.85;0.7500;4;3.00
530;Vail Resorts Inc.;MTN;Consumer Discretionary;Hotels. Restaurants & Leisure;9;462;212.61;3.31;1.7600;4;7.04
531;Materion Corp.;MTRN;Materials;Metals & Mining;7;667;45.34;0.97;0.1100;4;0.44
532;Mueller Water Products. Inc.;MWA;Industrials;Machinery;5;840;10.95;1.92;0.0525;4;0.21
533;Maxim Integrated Products;MXIM;Information Technology;Semiconductors & Semiconductor Equipment;18;186;55.62;3.45;0.4800;4;1.92
534;Muncy Bank Financial Inc.;MYBF;Financials;Banks;18;189;40.50;3.46;0.3500;4;1.40
535;National Instruments Corp.;NATI;Information Technology;Electronic Equipment. Instruments & Components;7;717;40.28;2.58;0.2600;4;1.04
536;NBT Bancorp Inc.;NBTB;Financials;Banks;7;694;33.69;3.21;0.2700;4;1.08
537;NACCO Industries;NC;Energy;Oil. Gas & Consumable Fuels;34;78;41.22;1.84;0.1900;4;0.76
538;Nasdaq Inc.;NDAQ;Financials;Capital Markets;8;574;102.55;1.83;0.4700;4;1.88
539;Nordson Corp.;NDSN;Industrials;Machinery;56;16;145.30;1.05;0.3800;4;1.52
540;NextEra Energy Inc.;NEE;Utilities;Electric Utilities;26;130;252.76;2.22;1.4000;4;5.60
541;NextEra Energy Partners LP;NEP;Utilities;Independent Power and Renewable Electricity Producers;7;709;57.67;3.71;0.5350;4;2.14
542;NewMarket Corp.;NEU;Materials;Chemicals;14;280;388.59;1.96;1.9000;4;7.60
543;Northfield Bancorp Inc.;NFBK;Financials;Thrifts & Mortgage Finance;7;665;14.13;3.11;0.1100;4;0.44
544;National Fuel Gas;NFG;Utilities;Gas Utilities;49;30;36.61;4.75;0.4350;4;1.74
545;National Healthcare Corp.;NHC;Health Care;Health Care Providers & Services;16;238;74.21;2.80;0.5200;4;2.08
546;National Health Investors;NHI;Real Estate;Equity Real Estate Investment Trusts (REITs);18;200;81.73;5.40;1.1025;4;4.41
547;NiSource Inc.;NI;Utilities;Multi-Utilities;9;534;27.02;3.11;0.2100;4;0.84
548;Northeast Indiana Bancorp;NIDB;Financials;Thrifts & Mortgage Finance;25;136;41.80;2.58;0.2700;4;1.08
549;New Jersey Resources;NJR;Utilities;Gas Utilities;24;143;35.31;3.54;0.3125;4;1.25
550;Nike Inc.;NKE;Consumer Discretionary;Textiles. Apparel & Luxury Goods;18;191;89.38;1.10;0.2450;4;0.98
551;National Bankshares;NKSH;Financials;Banks;20;170;34.95;4.12;0.7200;2;1.44
552;Nelnet. Inc.;NNI;Financials;Consumer Finance;5;853;53.10;1.51;0.2000;4;0.80
553;National Retail Properties;NNN;Real Estate;Equity Real Estate Investment Trusts (REITs);30;91;50.85;4.05;0.5150;4;2.06
554;Northrop Grumman;NOC;Industrials;Aerospace & Defense;16;235;328.84;1.61;1.3200;4;5.28
555;Neenah Paper Inc.;NP;Materials;Paper & Forest Products;10;405;57.77;3.25;0.4700;4;1.88
556;Enpro Industries Inc.;NPO;Industrials;Machinery;6;811;53.95;1.93;0.2600;4;1.04
557;National Research Corporation;NRC;Health Care;Health Care Providers & Services;6;792;54.99;1.53;0.2100;4;0.84
558;Northrim BanCorp Inc.;NRIM;Financials;Banks;10;368;34.95;3.78;0.3300;4;1.32
559;National Storage Affiliates Trust;NSA;Real Estate;Equity Real Estate Investment Trusts (REITs);5;854;33.74;3.91;0.3300;4;1.32
560;Insperity Inc.;NSP;Industrials;Professional Services;10;415;67.27;2.38;0.4000;4;1.60
561;NetApp Inc.;NTAP;Information Technology;Technology Hardware. Storage & Peripherals;7;677;46.72;4.11;0.4800;4;1.92
562;Northern Trust Corp.;NTRS;Financials;Capital Markets;8;586;87.76;3.19;0.7000;4;2.80
563;Nucor Corp.;NUE;Materials;Metals & Mining;47;46;41.35;3.89;0.4025;4;1.61
564;Nu Skin Enterprises Inc.;NUS;Consumer Staples;Personal Products;20;173;24.52;6.12;0.3750;4;1.50
565;NVIDIA Corp.;NVDA;Information Technology;Semiconductors & Semiconductor Equipment;8;557;270.07;0.24;0.1600;4;0.64
566;Northwest Bancshares Inc.;NWBI;Financials;Thrifts & Mortgage Finance;11;322;13.89;5.47;0.1900;4;0.76
567;NorthWestern Corp.;NWE;Utilities;Multi-Utilities;16;251;70.34;3.41;0.6000;4;2.40
568;Norwood Financial;NWFL;Financials;Banks;22;158;30.88;3.24;0.2500;4;1.00
569;Northwest Natural Gas;NWN;Utilities;Gas Utilities;64;3;65.77;2.90;0.4775;4;1.91
570;NexPoint Residential Trust Inc.;NXRT;Real Estate;Equity Real Estate Investment Trusts (REITs);5;855;44.50;2.81;0.3125;4;1.25
571;Nexstar Media Group Inc.;NXST;Communication Services;Media;8;629;114.98;1.95;0.5600;4;2.24
572;Realty Income Corp.;O;Real Estate;Equity Real Estate Investment Trusts (REITs);27;112;72.39;3.85;0.2325;12;2.79
573;Owens Corning Inc.;OC;Industrials;Building Products;7;703;56.49;1.70;0.2400;4;0.96
574;OceanFirst Financial Corp;OCFC;Financials;Thrifts & Mortgage Finance;6;739;20.44;3.33;0.1700;4;0.68
575;Oil-Dri Corp. of America;ODC;Consumer Staples;Household Products;17;210;30.43;3.29;0.2500;4;1.00
576;OGE Energy Corp.;OGE;Utilities;Electric Utilities;13;288;38.10;4.07;0.3875;4;1.55
577;ONE Gas Inc.;OGS;Utilities;Gas Utilities;7;715;82.14;2.63;0.5400;4;2.16
578;Omega Healthcare Investors;OHI;Real Estate;Equity Real Estate Investment Trusts (REITs);17;214;39.60;6.77;0.6700;4;2.68
579;ONEOK Inc.;OKE;Energy;Oil. Gas & Consumable Fuels;18;194;66.72;5.61;0.9350;4;3.74
580;Omnicom Group Inc.;OMC;Communication Services;Media;10;348;69.28;3.75;0.6500;4;2.60
581;Oracle Corp.;ORCL;Information Technology;Software;11;310;49.46;1.94;0.2400;4;0.96
582;Old Republic International;ORI;Financials;Insurance;38;68;19.72;4.06;0.2000;4;0.80
583;Orrstown Financial Services Inc.;ORRF;Financials;Banks;6;795;17.80;3.82;0.1700;4;0.68
584;Oshkosh Corp.;OSK;Industrials;Machinery;7;691;72.15;1.66;0.3000;4;1.20
585;Open Text Corp.;OTEX;Information Technology;Software;7;674;41.92;1.67;0.1746;4;0.70
586;Otter Tail Corp.;OTTR;Utilities;Electric Utilities;7;718;48.61;3.04;0.3700;4;1.48
587;Oak Valley Bancorp;OVLY;Financials;Banks;7;710;16.69;1.68;0.1400;2;0.28
588;Oxford Industries Inc.;OXM;Consumer Discretionary;Textiles. Apparel & Luxury Goods;9;468;60.39;2.45;0.3700;4;1.48
589;Occidental Petroleum;OXY;Energy;Oil. Gas & Consumable Fuels;16;241;32.74;9.65;0.7900;4;3.16
590;Bank OZK;OZK;Financials;Banks;24;145;25.39;4.10;0.2600;4;1.04
591;Penske Automotive Group Inc.;PAG;Consumer Discretionary;Specialty Retail;10;406;46.02;3.65;0.4200;4;1.68
592;Paychex Inc.;PAYX;Information Technology;IT Services;9;473;77.48;3.20;0.6200;4;2.48
593;Prosperity Bancshares;PB;Financials;Banks;22;157;64.60;2.85;0.4600;4;1.84
594;People's United Financial;PBCT;Financials;Banks;27;105;13.99;5.08;0.1775;4;0.71
595;PBF Logistics LP;PBFX;Energy;Oil. Gas & Consumable Fuels;6;781;18.97;10.96;0.5200;4;2.08
596;Pathfinder Bancorp. Inc.;PBHC;Financials;Banks;5;820;14.11;1.70;0.0600;4;0.24
597;Paccar Inc.;PCAR;Industrials;Machinery;9;450;66.90;1.91;0.3200;4;1.28
598;Peoples Bancorp of North Carolina;PEBK;Financials;Banks;7;656;25.43;2.20;0.1400;4;0.56
599;Public Service Enterprise Group Inc.;PEG;Utilities;Multi-Utilities;9;547;51.31;3.82;0.4900;4;1.96
600;PepsiCo Inc.;PEP;Consumer Staples;Beverages;47;42;132.03;2.89;0.9550;4;3.82
601;PetMed Express Inc.;PETS;Consumer Discretionary;Internet & Direct Marketing Retail;11;308;26.40;4.09;0.2700;4;1.08
602;Preferred Bank;PFBC;Financials;Banks;6;742;51.13;2.35;0.3000;4;1.20
603;Pfizer Inc.;PFE;Health Care;Pharmaceuticals;10;409;33.42;4.55;0.3800;4;1.52
604;Principal Financial Group Inc.;PFG;Financials;Insurance;12;307;44.39;5.05;0.5600;4;2.24
605;Provident Financial Services Inc.;PFS;Financials;Thrifts & Mortgage Finance;9;449;19.98;4.60;0.2300;4;0.92
606;Procter & Gamble Co.;PG;Consumer Staples;Household Products;63;5;113.23;2.63;0.7459;4;2.98
607;Parker-Hannifin Corp.;PH;Industrials;Machinery;63;6;184.77;1.91;0.8800;4;3.52
608;Polaris Industries;PII;Consumer Discretionary;Leisure Products;25;139;82.53;3.00;0.6200;4;2.48
609;Parke Bancorp Inc.;PKBK;Financials;Banks;6;763;18.50;3.46;0.1600;4;0.64
610;Packaging Corp of America;PKG;Materials;Containers & Packaging;9;438;90.62;3.49;0.7900;4;3.16
611;Children's Place Inc. (The);PLCE;Consumer Discretionary;Specialty Retail;6;752;57.60;3.89;0.5600;4;2.24
612;Prologis Inc.;PLD;Real Estate;Equity Real Estate Investment Trusts (REITs);7;729;84.28;2.75;0.5800;4;2.32
613;Douglas Dynamics Inc.;PLOW;Industrials;Machinery;11;340;43.53;2.57;0.2800;4;1.12
614;Philip Morris International;PM;Consumer Staples;Tobacco;12;302;81.87;5.72;1.1700;4;4.68
615;Pioneer Bankshares Inc.;PNBI;Financials;Banks;10;345;28.50;3.09;0.2200;4;0.88
616;PNC Financial Services Group Inc.;PNC;Financials;Banks;9;491;126.40;3.64;1.1500;4;4.60
617;PNM Resources Inc.;PNM;Utilities;Electric Utilities;9;531;47.08;2.61;0.3075;4;1.23
618;Pentair Ltd.;PNR;Industrials;Machinery;44;60;39.39;1.93;0.1900;4;0.76
619;Pinnacle West Capital Corp.;PNW;Utilities;Electric Utilities;8;601;89.49;3.50;0.7825;4;3.13
620;PolyOne Corp.;POL;Materials;Chemicals;10;391;24.76;3.27;0.2025;4;0.81
621;Pool Corp.;POOL;Consumer Discretionary;Distributors;9;474;210.96;1.04;0.5500;4;2.20
622;Portland General Electric Co.;POR;Utilities;Electric Utilities;14;277;54.41;2.83;0.3850;4;1.54
623;Power Integrations Inc.;POWI;Information Technology;Semiconductors & Semiconductor Equipment;7;696;87.05;0.87;0.1900;4;0.76
624;Pinnacle Bankshares Corp.;PPBN;Financials;Banks;8;568;31.35;1.79;0.1400;4;0.56
625;PPG Industries Inc.;PPG;Materials;Chemicals;48;37;104.45;1.95;0.5100;4;2.04
626;PPL Corp.;PPL;Utilities;Electric Utilities;19;180;30.01;5.53;0.4150;4;1.66
627;Peoples Ltd.;PPLL;Financials;Banks;8;605;74.00;2.97;0.5500;4;2.20
628;Perrigo Company plc;PRGO;Health Care;Pharmaceuticals;18;198;50.69;1.78;0.2250;4;0.90
629;Primerica Inc.;PRI;Financials;Insurance;11;330;111.34;1.44;0.4000;4;1.60
630;Prudential Financial Inc.;PRU;Financials;Insurance;12;306;75.45;5.83;1.1000;4;4.40
631;PS Business Parks Inc;PSB;Real Estate;Equity Real Estate Investment Trusts (REITs);6;738;148.55;2.83;1.0500;4;4.20
632;PSB Holdings Inc.;PSBQ;Financials;Banks;26;123;27.35;1.46;0.2000;2;0.40
633;Phillips 66;PSX;Energy;Oil. Gas & Consumable Fuels;8;567;74.86;4.81;0.9000;4;3.60
634;Phillips 66 Partners LP;PSXP;Energy;Oil. Gas & Consumable Fuels;8;617;54.37;6.44;0.8750;4;3.50
635;People's Utah Bancorp;PUB;Financials;Banks;6;798;23.97;2.34;0.1400;4;0.56
636;Qualcomm Inc.;QCOM;Information Technology;Semiconductors & Semiconductor Equipment;17;201;78.30;3.17;0.6200;4;2.48
637;QNB Corp.;QNBC;Financials;Banks;9;453;34.00;3.88;0.3300;4;1.32
638;Quaint Oak Bancorp Inc.;QNTO;Financials;Thrifts & Mortgage Finance;12;296;14.90;2.42;0.0900;4;0.36
639;Restaurant Brands International Inc.;QSR;Consumer Discretionary;Hotels. Restaurants & Leisure;6;817;58.50;3.56;0.5200;4;2.08
640;QTS Realty Trust Inc.;QTS;Real Estate;Equity Real Estate Investment Trusts (REITs);6;750;56.17;3.13;0.4400;4;1.76
641;Ryder System;R;Industrials;Road & Rail;15;263;38.04;5.89;0.5600;4;2.24
642;Ritchie Brothers Auctioneers Inc.;RBA;Industrials;Commercial Services & Supplies;19;176;39.70;2.02;0.2000;4;0.80
643;Regal Beloit Corp.;RBC;Industrials;Electrical Equipment;15;259;77.64;1.55;0.3000;4;1.20
644;Republic Bancorp KY;RBCAA;Financials;Banks;22;161;35.74;3.20;0.2860;4;1.14
645;Royal Caribbean Cruises Ltd.;RCL;Consumer Discretionary;Hotels. Restaurants & Leisure;9;504;80.41;3.88;0.7800;4;3.12
646;Everest Reinsurance Group Ltd.;RE;Financials;Insurance;7;695;247.88;2.50;1.5500;4;6.20
647;Resources Connection Inc.;RECN;Industrials;Professional Services;10;371;12.53;4.47;0.1400;4;0.56
648;Regency Centers Corp.;REG;Real Estate;Equity Real Estate Investment Trusts (REITs);7;716;57.44;4.14;0.5950;4;2.38
649;Rexford Industrial Realty Inc.;REXR;Real Estate;Equity Real Estate Investment Trusts (REITs);7;731;46.77;1.84;0.2150;4;0.86
650;Regions Financial Corp.;RF;Financials;Banks;7;683;13.52;4.59;0.1550;4;0.62
651;Reinsurance Group of America Inc.;RGA;Financials;Insurance;11;312;122.03;2.29;0.7000;4;2.80
652;RGC Resources Inc.;RGCO;Utilities;Gas Utilities;16;242;27.45;2.55;0.1750;4;0.70
653;Royal Gold Inc.;RGLD;Materials;Metals & Mining;19;177;96.47;1.16;0.2800;4;1.12
654;Robert Half International Inc.;RHI;Industrials;Professional Services;17;224;50.41;2.70;0.3400;4;1.36
655;Ryman Hospitality Properties Inc.;RHP;Real Estate;Equity Real Estate Investment Trusts (REITs);8;650;69.51;5.47;0.9500;4;3.80
656;Raymond James Financial Inc.;RJF;Financials;Capital Markets;8;613;83.63;1.77;0.3700;4;1.48
657;RLI Corp.;RLI;Financials;Insurance;44;55;80.38;1.14;0.2300;4;0.92
658;RE/MAX Holdings Inc.;RMAX;Real Estate;Real Estate Management & Development;7;724;29.15;3.02;0.2200;4;0.88
659;ResMed Inc.;RMD;Health Care;Health Care Equipment & Supplies;8;585;158.96;0.98;0.3900;4;1.56
660;RenaissanceRe Holdings;RNR;Financials;Insurance;24;141;170.40;0.80;0.3400;4;1.36
661;Retail Opportunity Investments Corp.;ROIC;Real Estate;Equity Real Estate Investment Trusts (REITs);11;338;15.00;5.33;0.2000;4;0.80
662;Rockwell Automation Inc.;ROK;Industrials;Electrical Equipment;10;381;183.50;2.22;1.0200;4;4.08
663;Rollins Inc.;ROL;Industrials;Commercial Services & Supplies;18;196;37.44;1.28;0.1200;4;0.48
664;Roper Technologies Inc.;ROP;Industrials;Industrial Conglomerates;27;110;351.70;0.58;0.5125;4;2.05
665;Ross Stores Inc.;ROST;Consumer Discretionary;Specialty Retail;25;132;108.78;0.94;0.2550;4;1.02
666;RPM International Inc.;RPM;Materials;Chemicals;46;49;64.11;2.25;0.3600;4;1.44
667;Reliance Steel & Aluminum Co.;RS;Materials;Metals & Mining;9;454;102.29;2.15;0.5500;4;2.20
668;Republic Services Inc.;RSG;Industrials;Commercial Services & Supplies;17;213;90.26;1.79;0.4050;4;1.62
669;Raytheon Company;RTN;Industrials;Aerospace & Defense;15;255;188.56;2.00;0.9425;4;3.77
670;Ruth's Hospitality Group Inc.;RUTH;Consumer Discretionary;Hotels. Restaurants & Leisure;7;659;19.13;2.72;0.1300;4;0.52
671;Riverview Bancorp Inc;RVSB;Financials;Thrifts & Mortgage Finance;6;793;6.45;3.10;0.0500;4;0.20
672;Saratoga Investment Corp.;SAR;Financials;Capital Markets;5;843;22.91;9.78;0.5600;4;2.24
673;Sandy Spring Bancorp Inc.;SASR;Financials;Banks;9;469;30.76;3.90;0.3000;4;1.20
674;SB Financial Group Inc.;SBFG;Financials;Banks;7;688;18.74;2.03;0.0950;4;0.38
675;Sinclair Broadcast Group Inc.;SBGI;Communication Services;Media;9;443;23.21;3.45;0.2000;4;0.80
676;Southside Bancshares;SBSI;Financials;Banks;25;134;32.22;3.85;0.3100;4;1.24
677;Starbucks Corp.;SBUX;Consumer Discretionary;Hotels. Restaurants & Leisure;10;377;78.43;2.09;0.4100;4;1.64
678;Charles Schwab Corporation;SCHW;Financials;Capital Markets;5;863;40.75;1.77;0.1800;4;0.72
679;Service Corp International;SCI;Consumer Discretionary;Diversified Consumer Services;9;455;47.79;1.51;0.1800;4;0.72
680;Stepan Company;SCL;Materials;Chemicals;52;25;87.83;1.25;0.2750;4;1.10
681;Steelcase Inc.;SCS;Industrials;Commercial Services & Supplies;9;463;16.22;3.58;0.1450;4;0.58
682;Shoe Carnival Inc.;SCVL;Consumer Discretionary;Specialty Retail;8;577;29.91;1.14;0.0850;4;0.34
683;SEI Investments Company;SEIC;Financials;Capital Markets;29;95;54.71;1.28;0.3500;2;0.70
684;Sound Financial Bancorp Inc.;SFBC;Financials;Banks;8;627;36.28;1.65;0.1500;4;0.60
685;ServisFirst Bancshares Inc.;SFBS;Financials;Banks;7;699;34.55;2.03;0.1750;4;0.70
686;Simmons First National Corp.;SFNC;Financials;Banks;9;549;21.38;3.18;0.1700;4;0.68
687;Southwest Georgia Financial Corp.;SGB;Financials;Banks;8;554;29.39;1.63;0.1200;4;0.48
688;Superior Group of Companies Inc.;SGC;Consumer Discretionary;Textiles. Apparel & Luxury Goods;6;737;12.02;3.33;0.1000;4;0.40
689;Star Group LP;SGU;Utilities;Gas Utilities;7;663;8.98;5.57;0.1250;4;0.50
690;Shore Bancshares. Inc.;SHBI;Financials;Banks;5;850;15.56;3.08;0.1200;4;0.48
691;Shenandoah Telecommunications;SHEN;Communication Services;Wireless Telecommunication Services;7;690;44.43;0.65;0.2900;1;0.29
692;Shell Midstream Partners LP;SHLX;Energy;Oil. Gas & Consumable Fuels;6;797;17.11;10.75;0.4600;4;1.84
693;Sherwin-Williams Co.;SHW;Materials;Chemicals;42;64;516.75;1.04;1.3400;4;5.36
694;Signet Jewelers Limited;SIG;Consumer Discretionary;Specialty Retail;9;435;23.32;6.35;0.3700;4;1.48
695;Selective Insurance Group Inc.;SIGI;Financials;Insurance;6;783;55.78;1.65;0.2300;4;0.92
696;South Jersey Industries;SJI;Utilities;Gas Utilities;21;164;27.05;4.36;0.2950;4;1.18
697;J.M. Smucker Co.;SJM;Consumer Staples;Food Products;22;154;102.99;3.42;0.8800;4;3.52
698;SJW Corp.;SJW;Utilities;Water Utilities;53;20;61.18;2.09;0.3200;4;1.28
699;Tanger Factory Outlet Centers;SKT;Real Estate;Equity Real Estate Investment Trusts (REITs);27;116;11.98;11.94;0.3575;4;1.43
700;SL Green Realty Corp.;SLG;Real Estate;Equity Real Estate Investment Trusts (REITs);9;525;78.44;4.51;0.8850;4;3.54
701;Silgan Holdings Inc.;SLGN;Materials;Containers & Packaging;16;231;28.63;1.54;0.1100;4;0.44
702;Southern Missouri Bancorp Inc.;SMBC;Financials;Thrifts & Mortgage Finance;8;581;32.82;1.83;0.1500;4;0.60
703;Scotts Miracle-Gro Company;SMG;Materials;Chemicals;10;364;105.99;2.19;0.5800;4;2.32
704;Summit Financial Group. Inc.;SMMF;Financials;Banks;5;838;21.92;2.74;0.1500;4;0.60
705;Standard Motor Products Inc.;SMP;Consumer Discretionary;Auto Components;11;325;44.00;2.27;0.2500;4;1.00
706;Snap-on Inc.;SNA;Industrials;Machinery;10;379;144.75;2.98;1.0800;4;4.32
707;Synovus Financial;SNV;Financials;Banks;6;749;29.02;4.14;0.3000;4;1.20
708;SYNNEX Corp.;SNX;Information Technology;Electronic Equipment. Instruments & Components;7;705;125.03;1.28;0.4000;4;1.60
709;Southern Company;SO;Utilities;Electric Utilities;19;175;60.36;4.11;0.6200;4;2.48
710;Sotherly Hotels Inc.;SOHO;Real Estate;Equity Real Estate Investment Trusts (REITs);9;485;5.13;10.14;0.1300;4;0.52
711;Southern Michigan Bancorp Inc.;SOMC;Financials;Banks;8;578;38.00;2.42;0.2300;4;0.92
712;Sonoco Products Co.;SON;Materials;Containers & Packaging;37;72;48.21;3.57;0.4300;4;1.72
713;Simon Property Group Inc.;SPG;Real Estate;Equity Real Estate Investment Trusts (REITs);10;362;123.08;6.82;2.1000;4;8.40
714;S&P Global Inc.;SPGI;Financials;Capital Markets;47;47;265.91;1.01;0.6700;4;2.68
715;SpartanNash Company;SPTN;Consumer Staples;Food & Staples Retailing;9;456;12.43;6.11;0.1900;4;0.76
716;Spire Inc.;SR;Utilities;Gas Utilities;17;217;75.05;3.32;0.6225;4;2.49
717;1st Source Corp.;SRCE;Financials;Banks;32;89;42.05;2.76;0.2900;4;1.16
718;Sempra Energy;SRE;Utilities;Multi-Utilities;17;228;139.78;2.99;1.0450;4;4.18
719;Sprague Resources LP;SRLP;Energy;Oil. Gas & Consumable Fuels;6;735;12.29;21.72;0.6675;4;2.67
720;South State Corp.;SSB;Financials;Banks;9;532;68.12;2.76;0.4700;4;1.88
721;Simpsom Manufacturing Co.;SSD;Industrials;Building Products;6;762;79.43;1.16;0.2300;4;0.92
722;STAG Industrial Inc.;STAG;Real Estate;Equity Real Estate Investment Trusts (REITs);10;429;27.98;5.15;0.1200;12;1.44
723;Extended Stay America Inc.;STAY;Consumer Discretionary;Hotels. Restaurants & Leisure;6;755;10.98;8.38;0.2300;4;0.92
724;S&T Bancorp Inc.;STBA;Financials;Banks;7;689;32.87;3.41;0.2800;4;1.12
725;Sturgis Bancorp;STBI;Financials;Thrifts & Mortgage Finance;7;722;21.68;2.95;0.1600;4;0.64
726;Steris plc;STE;Health Care;Health Care Equipment & Supplies;15;264;158.62;0.93;0.3700;4;1.48
727;Steel Dynamics Inc.;STLD;Materials;Metals & Mining;9;464;26.63;3.60;0.2400;4;0.96
728;STORE Capital Corp;STOR;Real Estate;Equity Real Estate Investment Trusts (REITs);5;845;32.86;4.26;0.3500;4;1.40
729;State Street Corp.;STT;Financials;Capital Markets;9;505;68.11;3.05;0.5200;4;2.08
730;Constellation Brands Inc. A;STZ;Consumer Staples;Beverages;5;835;172.38;1.74;0.7500;4;3.00
731;Service Properties Trust;SVC;Real Estate;Equity Real Estate Investment Trusts (REITs);8;565;18.08;11.95;0.5400;4;2.16
732;Stanley Black & Decker;SWK;Industrials;Machinery;52;23;143.70;1.92;0.6900;4;2.76
733;Skyworks Solutions Inc.;SWKS;Information Technology;Semiconductors & Semiconductor Equipment;6;771;100.18;1.76;0.4400;4;1.76
734;Schweitzer-Mauduit International Inc.;SWM;Materials;Paper & Forest Products;8;558;33.72;5.22;0.4400;4;1.76
735;Southwest Gas Corp.;SWX;Utilities;Gas Utilities;13;284;64.68;3.37;0.5450;4;2.18
736;Standex International Inc.;SXI;Industrials;Machinery;9;514;63.43;1.39;0.2200;4;0.88
737;Sensient Technologies Corp.;SXT;Materials;Chemicals;14;282;49.18;3.17;0.3900;4;1.56
738;Stock Yards Bancorp Inc.;SYBT;Financials;Banks;10;386;34.94;3.09;0.2700;4;1.08
739;Stryker Corp.;SYK;Health Care;Health Care Equipment & Supplies;27;111;190.59;1.21;0.5750;4;2.30
740;Sysco Corp.;SYY;Consumer Staples;Food & Staples Retailing;50;29;66.65;2.70;0.4500;4;1.80
741;AT&T Inc.;T;Communication Services;Diversified Telecommunication Services;36;77;35.22;5.91;0.5200;4;2.08
742;Territorial Bancorp;TBNK;Financials;Thrifts & Mortgage Finance;10;375;25.42;3.62;0.2300;4;0.92
743;TriCo Bancshares;TCBK;Financials;Banks;7;681;33.82;2.60;0.2200;4;0.88
744;TCF Financial Corp.;TCF;Financials;Banks;8;582;36.44;3.84;0.3500;4;1.40
745;Taubman Centers Inc.;TCO;Real Estate;Equity Real Estate Investment Trusts (REITs);10;346;52.06;5.19;0.6750;4;2.70
746;Telephone & Data Sys.;TDS;Communication Services;Wireless Telecommunication Services;45;51;20.14;3.28;0.1650;4;0.66
747;TE Connectivity Ltd.;TEL;Information Technology;Electronic Equipment. Instruments & Components;7;668;82.87;2.22;0.4600;4;1.84
748;Terex Corp.;TEX;Industrials;Machinery;7;658;22.01;2.00;0.1100;4;0.44
749;Truist Financial Corp;TFC;Financials;Banks;9;497;46.14;3.90;0.4500;4;1.80
750;TFS Financial Corporation;TFSL;Financials;Thrifts & Mortgage Finance;6;772;20.44;5.28;0.2700;4;1.08
751;Tallgrass Energy LP;TGE;Energy;Oil. Gas & Consumable Fuels;5;847;22.07;9.97;0.5500;4;2.20
752;Target Corp.;TGT;Consumer Discretionary;Multiline Retail;52;22;103.00;2.56;0.6600;4;2.64
753;First Financial Corp.;THFF;Financials;Banks;31;90;39.95;2.60;0.5200;2;1.04
754;Hanover Insurance Group (The);THG;Financials;Insurance;15;270;118.54;2.19;0.6500;4;2.60
755;Thor Industries Inc.;THO;Consumer Discretionary;Automobiles;10;373;75.41;2.12;0.4000;4;1.60
756;Thomasville Bancshares Inc.;THVB;Financials;Banks;18;183;49.00;2.86;0.7000;2;1.40
757;Tiffany & Company;TIF;Consumer Discretionary;Specialty Retail;17;207;133.59;1.74;0.5800;4;2.32
758;TJX Companies Inc.;TJX;Consumer Discretionary;Specialty Retail;23;148;59.80;1.54;0.2300;4;0.92
759;Timken Company (The);TKR;Industrials;Machinery;6;734;44.84;2.50;0.28;4;1.12
760;Tompkins Financial Corp.;TMP;Financials;Banks;33;85;79.48;2.62;0.5200;4;2.08
761;Tennant Company;TNC;Industrials;Machinery;48;32;71.54;1.23;0.2200;4;0.88
762;Towne Bank;TOWN;Financials;Banks;8;576;23.06;3.12;0.1800;4;0.72
763;Texas Pacific Land Trust;TPL;Energy;Oil. Gas & Consumable Fuels;15;253;695.80;1.44;10.0000;1;10.00
764;Tootsie Roll Industries;TR;Consumer Staples;Food Products;52;21;32.08;1.12;0.0900;4;0.36
765;Thomson Reuters Corp.;TRI;Financials;Capital Markets;27;114;74.48;2.04;0.3800;4;1.52
766;Trinity Industries Inc.;TRN;Industrials;Machinery;10;399;20.35;3.73;0.1900;4;0.76
767;Terreno Realty Corp.;TRNO;Real Estate;Equity Real Estate Investment Trusts (REITs);9;508;54.87;1.97;0.2700;4;1.08
768;T. Rowe Price Group;TROW;Financials;Capital Markets;34;81;118.01;3.05;0.9000;4;3.60
769;Truxton Corp.;TRUX;Financials;Banks;8;640;47.50;2.36;0.2800;4;1.12
770;Travelers Companies;TRV;Financials;Insurance;15;258;119.81;2.74;0.8200;4;3.28
771;Timberland Bancorp Inc.;TSBK;Financials;Thrifts & Mortgage Finance;8;630;23.25;3.44;0.2000;4;0.80
772;Tractor Supply Company;TSCO;Consumer Discretionary;Specialty Retail;10;354;88.51;1.58;0.3500;4;1.40
773;Tyson Foods Inc.;TSN;Consumer Staples;Food Products;8;633;67.83;2.48;0.4200;4;1.68
774;Toro Company;TTC;Industrials;Machinery;11;315;71.43;1.40;0.2500;4;1.00
775;TTEC Holdings Inc.;TTEC;Information Technology;IT Services;5;846;37.43;1.71;0.3200;2;0.64
776;Tetra Tech Inc.;TTEK;Industrials;Commercial Services & Supplies;6;757;80.87;0.74;0.15;4;0.60
777;Texas Instruments;TXN;Information Technology;Semiconductors & Semiconductor Equipment;16;243;114.14;3.15;0.9000;4;3.60
778;Texas Roadhouse Inc.;TXRH;Consumer Discretionary;Hotels. Restaurants & Leisure;9;457;56.22;2.13;0.3000;4;1.20
779;Trinity Bank NA;TYBT;Financials;Banks;8;596;63.00;1.97;0.6200;2;1.24
780;Calvin B. Taylor Bankshares Inc.;TYCB;Financials;Banks;30;92;35.36;3.51;0.3100;4;1.24
781;Urstadt Biddle Properties;UBA;Real Estate;Equity Real Estate Investment Trusts (REITs);26;128;20.61;5.43;0.2800;4;1.12
782;United Bancorp Inc.;UBCP;Financials;Banks;6;787;13.86;4.04;0.1400;4;0.56
783;Urstadt Biddle Properties Inc.;UBP;Real Estate;Equity Real Estate Investment Trusts (REITs);5;857;16.83;5.94;0.2500;4;1.00
784;United Bankshares Inc.;UBSI;Financials;Banks;45;53;28.88;4.85;0.3500;4;1.40
785;United Community Banks Inc.;UCBI;Financials;Banks;7;697;24.77;2.91;0.1800;4;0.72
786;UDR Inc.;UDR;Real Estate;Equity Real Estate Investment Trusts (REITs);9;467;44.98;3.05;0.3425;4;1.37
787;United Fire Group Inc.;UFCS;Financials;Insurance;7;671;38.34;3.44;0.3300;4;1.32
788;Universal Forest Products Inc.;UFPI;Industrials;Building Products;8;634;46.86;1.07;0.1250;4;0.50
789;Domtar Corp.;UFS;Materials;Paper & Forest Products;10;360;28.77;6.33;0.4550;4;1.82
790;UGI Corp.;UGI;Utilities;Gas Utilities;32;88;36.04;3.61;0.3250;4;1.30
791;Universal Health Realty Trust;UHT;Real Estate;Equity Real Estate Investment Trusts (REITs);34;80;107.72;2.54;0.6850;4;2.74
792;UMB Financial Corp.;UMBF;Financials;Banks;28;101;58.15;2.13;0.3100;4;1.24
793;Umpqua Holdings Corp.;UMPQ;Financials;Banks;9;442;15.39;5.46;0.2100;4;0.84
794;Union Bankshares Inc.;UNB;Financials;Banks;8;614;29.98;4.27;0.3200;4;1.28
795;UnitedHealth Group Inc.;UNH;Health Care;Health Care Providers & Services;10;355;254.96;1.69;1.0800;4;4.32
796;Unum Group;UNM;Financials;Insurance;11;311;23.31;4.89;0.2850;4;1.14
797;Union Pacific;UNP;Industrials;Road & Rail;13;286;159.81;2.43;0.9700;4;3.88
798;Unity Bancorp Inc.;UNTY;Financials;Banks;7;675;17.13;1.87;0.0800;4;0.32
799;United Parcel Service Inc.;UPS;Industrials;Air Freight & Logistics;11;326;90.49;4.46;1.0100;4;4.04
800;U.S. Bancorp;USB;Financials;Banks;9;506;46.44;3.62;0.4200;4;1.68
801;USD Partners LP;USDP;Energy;Oil. Gas & Consumable Fuels;6;799;9.04;16.37;0.3700;4;1.48
802;US Physical Therapy Inc.;USPH;Health Care;Health Care Providers & Services;9;500;104.22;1.15;0.3000;4;1.20
803;Unitil Corp.;UTL;Utilities;Multi-Utilities;6;804;56.34;2.66;0.3750;4;1.50
804;Utah Medical Products Inc.;UTMD;Health Care;Health Care Equipment & Supplies;17;218;87.40;1.28;0.2800;4;1.12
805;United Technologies;UTX;Industrials;Aerospace & Defense;26;118;130.59;2.25;0.7350;4;2.94
806;Universal Corp.;UVV;Consumer Staples;Tobacco;48;36;49.35;6.16;0.7600;4;3.04
807;Visa Inc.;V;Information Technology;IT Services;12;303;181.76;0.66;0.3000;4;1.20
808;Marriot Vacations Worldwide Corp.;VAC;Consumer Discretionary;Hotels. Restaurants & Leisure;7;698;96.78;2.23;0.5400;4;2.16
809;Value Line Inc.;VALU;Financials;Capital Markets;5;832;28.84;2.77;0.2000;4;0.80
810;VF Corp.;VFC;Consumer Discretionary;Textiles. Apparel & Luxury Goods;47;45;72.00;2.67;0.4800;4;1.92
811;Vector Group Ltd.;VGR;Consumer Staples;Tobacco;20;168;11.62;13.77;0.4000;4;1.60
812;Valero Energy Corp.;VLO;Energy;Oil. Gas & Consumable Fuels;10;407;66.25;5.92;0.9800;4;3.92
813;Vulcan Materials;VMC;Materials;Construction Materials;7;719;120.26;1.13;0.3400;4;1.36
814;VSE Corp.;VSEC;Industrials;Commercial Services & Supplies;16;237;29.45;1.22;0.0900;4;0.36
815;Ventas Inc.;VTR;Real Estate;Equity Real Estate Investment Trusts (REITs);9;446;53.77;5.90;0.7925;4;3.17
816;Verizon Communications;VZ;Communication Services;Diversified Telecommunication Services;15;265;54.16;4.54;0.6150;4;2.46
817;Westamerica Bancorp;WABC;Financials;Banks;28;97;57.82;2.84;0.4100;4;1.64
818;Washington Federal Inc.;WAFD;Financials;Thrifts & Mortgage Finance;10;402;29.99;2.93;0.2200;4;0.88
819;Washington Trust Bancorp Inc.;WASH;Financials;Banks;9;486;42.92;4.75;0.5100;4;2.04
820;Walgreens Boots Alliance Inc.;WBA;Consumer Staples;Food & Staples Retailing;44;56;45.76;4.00;0.4575;4;1.83
821;Webster Financial Corp.;WBS;Financials;Banks;9;471;37.97;4.21;0.4000;4;1.60
822;Waste Connections Inc.;WCN;Industrials;Commercial Services & Supplies;10;376;96.49;0.77;0.1850;4;0.74
823;WD-40 Company;WDFC;Consumer Staples;Household Products;11;320;172.49;1.55;0.6700;4;2.68
824;Woodlands Financial Services Co.;WDFN;Financials;Banks;6;767;33.50;3.10;0.2600;4;1.04
825;Wellesley Bancorp Inc.;WEBK;Financials;Banks;6;759;39.17;0.61;0.06;4;0.24
826;WEC Energy Group Inc.;WEC;Utilities;Multi-Utilities;17;223;92.33;2.74;0.6325;4;2.53
827;Wendy's Company;WEN;Consumer Discretionary;Hotels. Restaurants & Leisure;10;384;18.88;2.54;0.1200;4;0.48
828;Werner Enterprises. Inc.;WERN;Industrials;Road & Rail;5;822;33.60;1.07;0.0900;4;0.36
829;Western Midstream Partners LP;WES;Energy;Oil. Gas & Consumable Fuels;8;618;13.06;19.05;0.6220;4;2.49
830;Weyco Group Inc.;WEYS;Consumer Discretionary;Distributors;38;69;21.94;4.38;0.2400;4;0.96
831;Wells Fargo & Co.;WFC;Financials;Banks;9;496;40.85;4.99;0.5100;4;2.04
832;Whirlpool Corp.;WHR;Consumer Discretionary;Household Durables;9;479;127.86;3.75;1.2000;4;4.80
833;Winmark Corp.;WINA;Consumer Discretionary;Specialty Retail;10;353;200.00;0.50;0.2500;4;1.00
834;Westlake Chemical Corp.;WLK;Materials;Chemicals;16;239;55.87;1.88;0.2625;4;1.05
835;Westlake Chemical Partners LP;WLKP;Materials;Chemicals;7;712;20.67;9.12;0.4714;4;1.89
836;Willis Towers Watson plc;WLTW;Financials;Insurance;9;551;189.25;1.44;0.6800;4;2.72
837;Waste Management;WM;Industrials;Commercial Services & Supplies;17;226;110.81;1.97;0.5450;4;2.18
838;William Penn Bancorp Inc.;WMPN;Financials;Banks;9;493;36.50;1.10;0.4000;1;0.40
839;Advanced Drainage Systems Inc.;WMS;Industrials;Building Products;6;758;41.86;0.86;0.09;4;0.36
840;Wal-Mart Inc.;WMT;Consumer Staples;Food & Staples Retailing;47;48;107.68;2.01;0.5400;4;2.16
841;Worthington Industries Inc.;WOR;Materials;Metals & Mining;9;502;31.80;3.02;0.2400;4;0.96
842;W.P. Carey Inc.;WPC;Real Estate;Equity Real Estate Investment Trusts (REITs);23;150;77.41;5.36;1.0380;4;4.15
843;W.R. Berkley Corp.;WRB;Financials;Insurance;18;184;67.14;0.66;0.1100;4;0.44
844;WestRock Company;WRK;Materials;Containers & Packaging;11;314;33.25;5.59;0.4650;4;1.86
845;WesBanco Inc.;WSBC;Financials;Banks;9;458;30.61;4.05;0.3100;4;1.24
846;WSFS Financial Corp.;WSFS;Financials;Thrifts & Mortgage Finance;6;753;34.46;1.39;0.1200;4;0.48
847;Williams-Sonoma Inc.;WSM;Consumer Discretionary;Specialty Retail;14;276;62.39;3.08;0.4800;4;1.92
848;Watsco Inc.;WSO;Industrials;Trading Companies & Distributors;6;744;156.98;4.08;1.6000;4;6.40
849;West Pharmaceutical Services;WST;Health Care;Health Care Equipment & Supplies;27;108;150.56;0.43;0.1600;4;0.64
850;West Bancorp Inc.;WTBA;Financials;Banks;9;472;20.45;4.11;0.2100;4;0.84
851;W.T.B. Financial Corp.;WTBFA;Financials;Banks;7;657;425.00;1.65;1.7500;4;7.00
852;Wintrust Financial Corp.;WTFC;Financials;Banks;7;713;53.41;2.10;0.2800;4;1.12
853;Essential Utilities Inc.;WTRG;Utilities;Water Utilities;27;106;43.01;2.18;0.2343;4;0.94
854;Watts Water Technologies Inc.;WTS;Industrials;Machinery;7;672;93.91;0.98;0.2300;4;0.92
855;Western Union Company;WU;Information Technology;IT Services;6;816;22.39;4.02;0.2250;4;0.90
856;Woodward Inc.;WWD;Industrials;Machinery;6;806;103.20;1.09;0.2800;4;1.12
857;Weyerhaeuser Company;WY;Real Estate;Equity Real Estate Investment Trusts (REITs);9;441;25.98;5.23;0.3400;4;1.36
858;Wyndham Destinations Inc.;WYND;Consumer Discretionary;Hotels. Restaurants & Leisure;10;347;39.90;4.51;0.4500;4;1.80
859;Xcel Energy;XEL;Utilities;Electric Utilities;17;229;62.32;2.76;0.4300;4;1.72
860;Xilinx Inc.;XLNX;Information Technology;Semiconductors & Semiconductor Equipment;17;206;83.49;1.77;0.3700;4;1.48
861;ExxonMobil Corp.;XOM;Energy;Oil. Gas & Consumable Fuels;37;73;51.44;6.77;0.8700;4;3.48
862;Dentsply Sirona Inc.;XRAY;Health Care;Health Care Equipment & Supplies;8;589;49.24;0.81;0.1000;4;0.40
863;Xylem Inc.;XYL;Industrials;Machinery;10;421;77.34;1.34;0.2600;4;1.04
864;York Water Company;YORW;Utilities;Water Utilities;22;155;42.29;1.70;0.1802;4;0.72
865;Zions Bancorp Inc.;ZION;Financials;Banks;7;679;39.95;3.40;0.3400;4;1.36
866;Zoetis Inc.;ZTS;Health Care;Pharmaceuticals;8;631;133.23;0.60;0.2000;4;0.80
